created_at_utc,snapshot_id,book,partido,jugador,player_norm,game_norm,pred_player,player_id,team,pred_game,pred_game_norm,game_match,team_game_match,mercado_raw,linea_raw,stat_key,side,threshold,model_line,odds_decimal,pred_mean,pred_std,prob_model,prob_implied,edge_prob,ev,ev_pct,row_uid,pick_uid
2026-05-12T13:07:45+00:00,20260511_105223,betano,San Antonio Spurs Minnesota Timberwolves,Terrence Shannon Jr.,terrence shannon jr,san antonio spurs minnesota timberwolves,Terrence Shannon Jr.,1630545,MIN,San Antonio Spurs @ Minnesota Timberwolves,san antonio spurs minnesota timberwolves,1,1,Puntos (hitos),10+,PTS,over,10,9.5,2.57,13.6631,4.8341,0.805436,0.389105,0.416331,1.069972,107.00,dad8d6fc4c017edbc8a3260b101460a5799b1ac5,dad8d6fc4c017edbc8a3260b101460a5799b1ac5|13.6631|4.8341
2026-05-12T13:07:45+00:00,20260511_105223,betano,Cleveland Cavaliers Detroit Pistons,Isaiah Stewart,isaiah stewart,cleveland cavaliers detroit pistons,Isaiah Stewart,1630191,DET,Cleveland Cavaliers @ Detroit Pistons,cleveland cavaliers detroit pistons,1,1,Puntos (hitos),5+,PTS,over,5,4.5,2.67,7.33811,4.8341,0.721432,0.374532,0.346900,0.926224,92.62,d1d5bbe305a428646f8af7de4f64f97bb85b74bb,d1d5bbe305a428646f8af7de4f64f97bb85b74bb|7.3381|4.8341
2026-05-12T13:07:45+00:00,20260511_105223,betano,San Antonio Spurs Minnesota Timberwolves,Julius Randle,julius randle,san antonio spurs minnesota timberwolves,Julius Randle,203944,MIN,San Antonio Spurs @ Minnesota Timberwolves,san antonio spurs minnesota timberwolves,1,1,PRA (hitos),31+,PRA,over,31,30.5,3,32.4312,6.1893,0.622489,0.333333,0.289155,0.867466,86.75,c5edb23986f58a94944577157cc5c085bd75ae0c,c5edb23986f58a94944577157cc5c085bd75ae0c|32.4312|6.1893
2026-05-12T13:07:45+00:00,20260511_105223,betano,Los Angeles Lakers Oklahoma City Thunder,Isaiah Joe,isaiah joe,los angeles lakers oklahoma city thunder,Isaiah Joe,1630198,OKC,Los Angeles Lakers @ Oklahoma City Thunder,los angeles lakers oklahoma city thunder,1,1,PRA (hitos),10+,PRA,over,10,9.5,2.75,12.3629,6.1893,0.678159,0.363636,0.314522,0.864937,86.49,e2134cb8d5667ab974667eb9dc0c0a0938492477,e2134cb8d5667ab974667eb9dc0c0a0938492477|12.3629|6.1893
2026-05-12T13:07:45+00:00,20260511_105223,betano,Cleveland Cavaliers Detroit Pistons,Caris LeVert,caris levert,cleveland cavaliers detroit pistons,Caris LeVert,1627747,DET,Cleveland Cavaliers @ Detroit Pistons,cleveland cavaliers detroit pistons,1,1,Puntos (hitos),6+,PTS,over,6,5.5,2.82,7.46578,4.8341,0.657867,0.354610,0.303257,0.855184,85.52,4c5b634726fc9b8258f9576c6f1609149d7b0cdd,4c5b634726fc9b8258f9576c6f1609149d7b0cdd|7.4658|4.8341
2026-05-12T13:07:45+00:00,20260511_105223,betano,Cleveland Cavaliers Detroit Pistons,Caris LeVert,caris levert,cleveland cavaliers detroit pistons,Caris LeVert,1627747,DET,Cleveland Cavaliers @ Detroit Pistons,cleveland cavaliers detroit pistons,1,1,PRA (hitos),9+,PRA,over,9,8.5,2.95,10.5025,6.1893,0.626855,0.338983,0.287872,0.849224,84.92,e473bac65c42a420638f1282bcf2452b1192a14c,e473bac65c42a420638f1282bcf2452b1192a14c|10.5025|6.1893
2026-05-12T13:07:45+00:00,20260511_105223,betano,San Antonio Spurs Minnesota Timberwolves,Luke Kornet,luke kornet,san antonio spurs minnesota timberwolves,Luke Kornet,1628436,SAS,San Antonio Spurs @ Minnesota Timberwolves,san antonio spurs minnesota timberwolves,1,1,Rebotes (hitos),5+,REB,over,5,4.5,2.6,5.57665,1.9667,0.707961,0.384615,0.323346,0.840699,84.07,902933d9ce1a1f39b4ea75d7569ac12cbabdac83,902933d9ce1a1f39b4ea75d7569ac12cbabdac83|5.5766|1.9667
2026-05-12T13:07:45+00:00,20260511_105223,betano,Los Angeles Lakers Oklahoma City Thunder,Jared McCain,jared mccain,los angeles lakers oklahoma city thunder,Jared McCain,1642272,OKC,Los Angeles Lakers @ Oklahoma City Thunder,los angeles lakers oklahoma city thunder,1,1,PRA (hitos),9+,PRA,over,9,8.5,2.72,11.2718,6.1893,0.672865,0.367647,0.305217,0.830191,83.02,7f8d2c15a996189b782f92ac8d81350c3ce52524,7f8d2c15a996189b782f92ac8d81350c3ce52524|11.2718|6.1893
2026-05-12T13:07:45+00:00,20260511_105223,betano,Cleveland Cavaliers Detroit Pistons,Isaiah Stewart,isaiah stewart,cleveland cavaliers detroit pistons,Isaiah Stewart,1630191,DET,Cleveland Cavaliers @ Detroit Pistons,cleveland cavaliers detroit pistons,1,1,Rebotes (hitos),3+,REB,over,3,2.5,2.1,4.6732,1.9667,0.865420,0.476190,0.389230,0.817382,81.74,b9b1686f5caf6c9301fd0f1844135bd64aa6a391,b9b1686f5caf6c9301fd0f1844135bd64aa6a391|4.6732|1.9667
2026-05-12T13:07:45+00:00,20260511_105223,betano,San Antonio Spurs Minnesota Timberwolves,Terrence Shannon Jr.,terrence shannon jr,san antonio spurs minnesota timberwolves,Terrence Shannon Jr.,1630545,MIN,San Antonio Spurs @ Minnesota Timberwolves,san antonio spurs minnesota timberwolves,1,1,Puntos (hitos),9+,PTS,over,9,8.5,2.12,13.6631,4.8341,0.857254,0.471698,0.385556,0.817379,81.74,84def8d3375e2cdcfe5069eee109fa58d75e1521,84def8d3375e2cdcfe5069eee109fa58d75e1521|13.6631|4.8341
2026-05-12T13:07:45+00:00,20260511_105223,betano,Los Angeles Lakers Oklahoma City Thunder,Isaiah Joe,isaiah joe,los angeles lakers oklahoma city thunder,Isaiah Joe,1630198,OKC,Los Angeles Lakers @ Oklahoma City Thunder,los angeles lakers oklahoma city thunder,1,1,Puntos (hitos),8+,PTS,over,8,7.5,2.87,9.0266,4.8341,0.623922,0.348432,0.275490,0.790657,79.07,5fa7f5ccde0dc95b89a9317363f194ec7069d468,5fa7f5ccde0dc95b89a9317363f194ec7069d468|9.0266|4.8341
2026-05-12T13:07:45+00:00,20260511_105223,betano,Cleveland Cavaliers Detroit Pistons,Dennis Schroder,dennis schroder,cleveland cavaliers detroit pistons,Dennis Schröder,203471,CLE,Cleveland Cavaliers @ Detroit Pistons,cleveland cavaliers detroit pistons,1,1,PRA (hitos),13+,PRA,over,13,12.5,2.55,15.6861,6.1893,0.696645,0.392157,0.304488,0.776445,77.64,822cf518715ccfc460592bb5df4006db80f9738e,822cf518715ccfc460592bb5df4006db80f9738e|15.6861|6.1893
2026-05-12T13:07:45+00:00,20260511_105223,betano,San Antonio Spurs Minnesota Timberwolves,Julius Randle,julius randle,san antonio spurs minnesota timberwolves,Julius Randle,203944,MIN,San Antonio Spurs @ Minnesota Timberwolves,san antonio spurs minnesota timberwolves,1,1,PRA (hitos),30+,PRA,over,30,29.5,2.6,32.4312,6.1893,0.682105,0.384615,0.297490,0.773473,77.35,4f07e5bc8c3f910eaa1365c5fd475285a8751174,4f07e5bc8c3f910eaa1365c5fd475285a8751174|32.4312|6.1893
2026-05-12T13:07:45+00:00,20260511_105223,betano,Los Angeles Lakers Oklahoma City Thunder,Isaiah Joe,isaiah joe,los angeles lakers oklahoma city thunder,Isaiah Joe,1630198,OKC,Los Angeles Lakers @ Oklahoma City Thunder,los angeles lakers oklahoma city thunder,1,1,Puntos (hitos),7+,PTS,over,7,6.5,2.47,9.0266,4.8341,0.699395,0.404858,0.294537,0.727506,72.75,cfc16ec4038dca6819e5abbc45c8dc0bc7a0adc6,cfc16ec4038dca6819e5abbc45c8dc0bc7a0adc6|9.0266|4.8341
2026-05-12T13:07:45+00:00,20260511_105223,betano,Los Angeles Lakers Oklahoma City Thunder,Isaiah Joe,isaiah joe,los angeles lakers oklahoma city thunder,Isaiah Joe,1630198,OKC,Los Angeles Lakers @ Oklahoma City Thunder,los angeles lakers oklahoma city thunder,1,1,Triples (hitos),2+,3PM,over,2,1.5,2.25,2.16274,0.9642,0.754068,0.444444,0.309624,0.696654,69.67,cff03af98d6335f8c53cc70955ce40f7c8e33cec,cff03af98d6335f8c53cc70955ce40f7c8e33cec|2.1627|0.9642
2026-05-12T13:07:45+00:00,20260511_105223,betano,Los Angeles Lakers Oklahoma City Thunder,Isaiah Joe,isaiah joe,los angeles lakers oklahoma city thunder,Isaiah Joe,1630198,OKC,Los Angeles Lakers @ Oklahoma City Thunder,los angeles lakers oklahoma city thunder,1,1,RA (hitos),3+,RA,over,3,2.5,2.45,3.84413,2.6976,0.690853,0.408163,0.282689,0.692589,69.26,ce3699db0a70f5c3c8edadf40c55438d88b6c8fc,ce3699db0a70f5c3c8edadf40c55438d88b6c8fc|3.8441|2.6976
2026-05-12T13:07:45+00:00,20260511_105223,betano,Los Angeles Lakers Oklahoma City Thunder,Jared McCain,jared mccain,los angeles lakers oklahoma city thunder,Jared McCain,1642272,OKC,Los Angeles Lakers @ Oklahoma City Thunder,los angeles lakers oklahoma city thunder,1,1,Puntos (hitos),7+,PTS,over,7,6.5,2.72,8.00345,4.8341,0.622104,0.367647,0.254456,0.692122,69.21,612bc286bc7d8b6c49959504abaac7eafb61481c,612bc286bc7d8b6c49959504abaac7eafb61481c|8.0035|4.8341
2026-05-12T13:07:45+00:00,20260511_105223,betano,San Antonio Spurs Minnesota Timberwolves,Julius Randle,julius randle,san antonio spurs minnesota timberwolves,Julius Randle,203944,MIN,San Antonio Spurs @ Minnesota Timberwolves,san antonio spurs minnesota timberwolves,1,1,Puntos (hitos),19+,PTS,over,19,18.5,2.57,20.4061,4.8341,0.653323,0.389105,0.264218,0.679039,67.90,d869f1293deb51704ad73557bd5854794668511b,d869f1293deb51704ad73557bd5854794668511b|20.4061|4.8341
2026-05-12T13:07:45+00:00,20260511_105223,betano,San Antonio Spurs Minnesota Timberwolves,Julius Randle,julius randle,san antonio spurs minnesota timberwolves,Julius Randle,203944,MIN,San Antonio Spurs @ Minnesota Timberwolves,san antonio spurs minnesota timberwolves,1,1,PRA (hitos),29+,PRA,over,29,28.5,2.25,32.4312,6.1893,0.737339,0.444444,0.292894,0.659012,65.90,017fdc882351bea3fa82e3426cb4700796a14ab0,017fdc882351bea3fa82e3426cb4700796a14ab0|32.4312|6.1893
2026-05-12T13:07:45+00:00,20260511_105223,betano,Los Angeles Lakers Oklahoma City Thunder,Jared McCain,jared mccain,los angeles lakers oklahoma city thunder,Jared McCain,1642272,OKC,Los Angeles Lakers @ Oklahoma City Thunder,los angeles lakers oklahoma city thunder,1,1,Rebotes (hitos),2+,REB,over,2,1.5,2.7,2.03819,1.9667,0.607823,0.370370,0.237453,0.641122,64.11,0abfd98e7fa9226402b999b2841c82a0ba879b36,0abfd98e7fa9226402b999b2841c82a0ba879b36|2.0382|1.9667
2026-05-12T13:07:45+00:00,20260511_105223,betano,Los Angeles Lakers Oklahoma City Thunder,Isaiah Joe,isaiah joe,los angeles lakers oklahoma city thunder,Isaiah Joe,1630198,OKC,Los Angeles Lakers @ Oklahoma City Thunder,los angeles lakers oklahoma city thunder,1,1,PRA (hitos),9+,PRA,over,9,8.5,2.22,12.3629,6.1893,0.733727,0.450450,0.283277,0.628875,62.89,21e15fa195430fdf093ebaf845eb223cdc46e7f6,21e15fa195430fdf093ebaf845eb223cdc46e7f6|12.3629|6.1893
2026-05-12T13:07:45+00:00,20260511_105223,betano,San Antonio Spurs Minnesota Timberwolves,Terrence Shannon Jr.,terrence shannon jr,san antonio spurs minnesota timberwolves,Terrence Shannon Jr.,1630545,MIN,San Antonio Spurs @ Minnesota Timberwolves,san antonio spurs minnesota timberwolves,1,1,Puntos (hitos),8+,PTS,over,8,7.5,1.78,13.6631,4.8341,0.898833,0.561798,0.337035,0.599922,59.99,d5df91cae7edb2fed82061b99a3f576b7a3a7db2,d5df91cae7edb2fed82061b99a3f576b7a3a7db2|13.6631|4.8341
2026-05-12T13:07:45+00:00,20260511_105223,betano,Cleveland Cavaliers Detroit Pistons,Caris LeVert,caris levert,cleveland cavaliers detroit pistons,Caris LeVert,1627747,DET,Cleveland Cavaliers @ Detroit Pistons,cleveland cavaliers detroit pistons,1,1,PRA (hitos),8+,PRA,over,8,7.5,2.32,10.5025,6.1893,0.686199,0.431034,0.255165,0.591982,59.20,96df32b36a7a030ee8dca3d70f47353d2afc918d,96df32b36a7a030ee8dca3d70f47353d2afc918d|10.5025|6.1893
2026-05-12T13:07:45+00:00,20260511_105223,betano,Los Angeles Lakers Oklahoma City Thunder,Jared McCain,jared mccain,los angeles lakers oklahoma city thunder,Jared McCain,1642272,OKC,Los Angeles Lakers @ Oklahoma City Thunder,los angeles lakers oklahoma city thunder,1,1,PRA (hitos),8+,PRA,over,8,7.5,2.18,11.2718,6.1893,0.728872,0.458716,0.270157,0.588942,58.89,bb7e90c9bcd2b80eb391bd07e5b5ecf6687cc7e5,bb7e90c9bcd2b80eb391bd07e5b5ecf6687cc7e5|11.2718|6.1893
2026-05-12T13:07:45+00:00,20260511_105223,betano,San Antonio Spurs Minnesota Timberwolves,Julius Randle,julius randle,san antonio spurs minnesota timberwolves,Julius Randle,203944,MIN,San Antonio Spurs @ Minnesota Timberwolves,san antonio spurs minnesota timberwolves,1,1,PRA (hitos),28+,PRA,over,28,27.5,1.98,32.4312,6.1893,0.787196,0.505051,0.282146,0.558649,55.86,5aab246e4d58568a4f2734918bfa4284e8626be3,5aab246e4d58568a4f2734918bfa4284e8626be3|32.4312|6.1893
2026-05-12T13:07:45+00:00,20260511_105223,betano,Cleveland Cavaliers Detroit Pistons,Caris LeVert,caris levert,cleveland cavaliers detroit pistons,Caris LeVert,1627747,DET,Cleveland Cavaliers @ Detroit Pistons,cleveland cavaliers detroit pistons,1,1,Puntos (hitos),5+,PTS,over,5,4.5,2.12,7.46578,4.8341,0.730231,0.471698,0.258533,0.548090,54.81,3294531ea98d6448b19da30942632223f2e7944d,3294531ea98d6448b19da30942632223f2e7944d|7.4658|4.8341
2026-05-12T13:07:45+00:00,20260511_105223,betano,Los Angeles Lakers Oklahoma City Thunder,Isaiah Joe,isaiah joe,los angeles lakers oklahoma city thunder,Isaiah Joe,1630198,OKC,Los Angeles Lakers @ Oklahoma City Thunder,los angeles lakers oklahoma city thunder,1,1,Asistencias (hitos),1+,AST,over,1,0.5,1.93,1.68296,1.4546,0.791964,0.518135,0.273830,0.528491,52.85,e5f674f6136d388bf29dfbc20cf7bb60a5559084,e5f674f6136d388bf29dfbc20cf7bb60a5559084|1.6830|1.4546
2026-05-12T13:07:45+00:00,20260511_105223,betano,Cleveland Cavaliers Detroit Pistons,Jaylon Tyson,jaylon tyson,cleveland cavaliers detroit pistons,Jaylon Tyson,1642281,CLE,Cleveland Cavaliers @ Detroit Pistons,cleveland cavaliers detroit pistons,1,1,Rebotes (hitos),4+,REB,over,4,3.5,2.5,4.05098,1.9667,0.610320,0.400000,0.210320,0.525800,52.58,36513fb601bfa151f016aa85a9c0d6481d7dd65f,36513fb601bfa151f016aa85a9c0d6481d7dd65f|4.0510|1.9667
2026-05-12T13:07:45+00:00,20260511_105223,betano,San Antonio Spurs Minnesota Timberwolves,Julius Randle,julius randle,san antonio spurs minnesota timberwolves,Julius Randle,203944,MIN,San Antonio Spurs @ Minnesota Timberwolves,san antonio spurs minnesota timberwolves,1,1,Puntos (hitos),17+,PTS,over,17,16.5,1.93,20.4061,4.8341,0.790465,0.518135,0.272330,0.525597,52.56,31b738a7b98802b65d11845820e699fbc6c8e8c2,31b738a7b98802b65d11845820e699fbc6c8e8c2|20.4061|4.8341
2026-05-12T13:07:45+00:00,20260511_105223,betano,Cleveland Cavaliers Detroit Pistons,Dennis Schroder,dennis schroder,cleveland cavaliers detroit pistons,Dennis Schröder,203471,CLE,Cleveland Cavaliers @ Detroit Pistons,cleveland cavaliers detroit pistons,1,1,Puntos (hitos),8+,PTS,over,8,7.5,2.32,9.44399,4.8341,0.656210,0.431034,0.225175,0.522406,52.24,386a1586b415f1c4f902b786ff52c0aeb6c7d944,386a1586b415f1c4f902b786ff52c0aeb6c7d944|9.4440|4.8341
2026-05-12T13:07:45+00:00,20260511_105223,betano,Los Angeles Lakers Oklahoma City Thunder,Jared McCain,jared mccain,los angeles lakers oklahoma city thunder,Jared McCain,1642272,OKC,Los Angeles Lakers @ Oklahoma City Thunder,los angeles lakers oklahoma city thunder,1,1,Puntos (hitos),6+,PTS,over,6,5.5,2.18,8.00345,4.8341,0.697727,0.458716,0.239011,0.521045,52.10,32ed628ff747cb4af45f7752b8c4613dd0ec0519,32ed628ff747cb4af45f7752b8c4613dd0ec0519|8.0035|4.8341
2026-05-12T13:07:45+00:00,20260511_105223,betano,Cleveland Cavaliers Detroit Pistons,Isaiah Stewart,isaiah stewart,cleveland cavaliers detroit pistons,Isaiah Stewart,1630191,DET,Cleveland Cavaliers @ Detroit Pistons,cleveland cavaliers detroit pistons,1,1,Puntos (hitos),4+,PTS,over,4,3.5,1.91,7.33811,4.8341,0.786392,0.523560,0.262832,0.502009,50.20,a57e425800074ca419d960340f4eac1f335e8683,a57e425800074ca419d960340f4eac1f335e8683|7.3381|4.8341
2026-05-12T13:07:45+00:00,20260511_105223,betano,San Antonio Spurs Minnesota Timberwolves,Julius Randle,julius randle,san antonio spurs minnesota timberwolves,Julius Randle,203944,MIN,San Antonio Spurs @ Minnesota Timberwolves,san antonio spurs minnesota timberwolves,1,1,PRA (hitos),27+,PRA,over,27,26.5,1.78,32.4312,6.1893,0.831044,0.561798,0.269247,0.479259,47.93,640aa6c8c7ba249d1e3b70d5f9a1da3178897760,640aa6c8c7ba249d1e3b70d5f9a1da3178897760|32.4312|6.1893
2026-05-12T13:07:45+00:00,20260511_105223,betano,San Antonio Spurs Minnesota Timberwolves,Luke Kornet,luke kornet,san antonio spurs minnesota timberwolves,Luke Kornet,1628436,SAS,San Antonio Spurs @ Minnesota Timberwolves,san antonio spurs minnesota timberwolves,1,1,Rebotes (hitos),4+,REB,over,4,3.5,1.72,5.57665,1.9667,0.854494,0.581395,0.273099,0.469730,46.97,e98dafd23b603225c3f2a150448d7f71c9de7f0a,e98dafd23b603225c3f2a150448d7f71c9de7f0a|5.5766|1.9667
2026-05-12T13:07:45+00:00,20260511_105223,betano,Los Angeles Lakers Oklahoma City Thunder,Jared McCain,jared mccain,los angeles lakers oklahoma city thunder,Jared McCain,1642272,OKC,Los Angeles Lakers @ Oklahoma City Thunder,los angeles lakers oklahoma city thunder,1,1,Asistencias (hitos),1+,AST,over,1,0.5,1.91,1.53921,1.4546,0.762520,0.523560,0.238959,0.456413,45.64,ae149155ec3401bfe9d053aba8fc0e4610cb92b1,ae149155ec3401bfe9d053aba8fc0e4610cb92b1|1.5392|1.4546
2026-05-12T13:07:45+00:00,20260511_105223,betano,Los Angeles Lakers Oklahoma City Thunder,Jaxson Hayes,jaxson hayes,los angeles lakers oklahoma city thunder,Jaxson Hayes,1629637,LAL,Los Angeles Lakers @ Oklahoma City Thunder,los angeles lakers oklahoma city thunder,1,1,RA (hitos),5+,RA,over,5,4.5,2.3,5.40897,2.6976,0.631924,0.434783,0.197141,0.453425,45.34,ff669de02442424dff069511a31169b626db60a8,ff669de02442424dff069511a31169b626db60a8|5.4090|2.6976
2026-05-12T13:07:45+00:00,20260511_105223,betano,Cleveland Cavaliers Detroit Pistons,Jaylon Tyson,jaylon tyson,cleveland cavaliers detroit pistons,Jaylon Tyson,1642281,CLE,Cleveland Cavaliers @ Detroit Pistons,cleveland cavaliers detroit pistons,1,1,PRA (hitos),13+,PRA,over,13,12.5,2.27,14.7124,6.1893,0.639622,0.440529,0.199094,0.451942,45.19,4e4bad975fdf6896bc6fdd9820dffefe844be890,4e4bad975fdf6896bc6fdd9820dffefe844be890|14.7124|6.1893
2026-05-12T13:07:45+00:00,20260511_105223,betano,Los Angeles Lakers Oklahoma City Thunder,Isaiah Joe,isaiah joe,los angeles lakers oklahoma city thunder,Isaiah Joe,1630198,OKC,Los Angeles Lakers @ Oklahoma City Thunder,los angeles lakers oklahoma city thunder,1,1,PRA (hitos),8+,PRA,over,8,7.5,1.85,12.3629,6.1893,0.783977,0.540541,0.243436,0.450357,45.04,91a59bb4c1713d0476990f14cb14f039211edfc9,91a59bb4c1713d0476990f14cb14f039211edfc9|12.3629|6.1893
2026-05-12T13:07:45+00:00,20260511_105223,betano,Cleveland Cavaliers Detroit Pistons,Caris LeVert,caris levert,cleveland cavaliers detroit pistons,Caris LeVert,1627747,DET,Cleveland Cavaliers @ Detroit Pistons,cleveland cavaliers detroit pistons,1,1,Triples (hitos),1+,3PM,over,1,0.5,2.18,0.897561,0.9642,0.659948,0.458716,0.201233,0.438688,43.87,9d09dd43a4edef7f8cf638e5eb5fcafa6af885a0,9d09dd43a4edef7f8cf638e5eb5fcafa6af885a0|0.8976|0.9642
2026-05-12T13:07:45+00:00,20260511_105223,betano,Los Angeles Lakers Oklahoma City Thunder,Isaiah Joe,isaiah joe,los angeles lakers oklahoma city thunder,Isaiah Joe,1630198,OKC,Los Angeles Lakers @ Oklahoma City Thunder,los angeles lakers oklahoma city thunder,1,1,Puntos (hitos),6+,PTS,over,6,5.5,1.87,9.0266,4.8341,0.767160,0.534759,0.232401,0.434589,43.46,49c373b42d17246b33ed038eea61ff58e6e8bf53,49c373b42d17246b33ed038eea61ff58e6e8bf53|9.0266|4.8341
2026-05-12T13:07:45+00:00,20260511_105223,betano,Cleveland Cavaliers Detroit Pistons,Dennis Schroder,dennis schroder,cleveland cavaliers detroit pistons,Dennis Schröder,203471,CLE,Cleveland Cavaliers @ Detroit Pistons,cleveland cavaliers detroit pistons,1,1,PRA (hitos),11+,PRA,over,11,10.5,1.78,15.6861,6.1893,0.798960,0.561798,0.237163,0.422150,42.21,afdb2eca46ec2c0fbbc3c24f4c49476c3ad42e29,afdb2eca46ec2c0fbbc3c24f4c49476c3ad42e29|15.6861|6.1893
2026-05-12T13:07:45+00:00,20260511_105223,betano,San Antonio Spurs Minnesota Timberwolves,Terrence Shannon Jr.,terrence shannon jr,san antonio spurs minnesota timberwolves,Terrence Shannon Jr.,1630545,MIN,San Antonio Spurs @ Minnesota Timberwolves,san antonio spurs minnesota timberwolves,1,1,Puntos (hitos),7+,PTS,over,7,6.5,1.52,13.6631,4.8341,0.930802,0.657895,0.272908,0.414819,41.48,778639e3e6edc53a6d0bd82e980e3d4c0dd9dc9f,778639e3e6edc53a6d0bd82e980e3d4c0dd9dc9f|13.6631|4.8341
2026-05-12T13:07:45+00:00,20260511_105223,betano,Los Angeles Lakers Oklahoma City Thunder,Jared McCain,jared mccain,los angeles lakers oklahoma city thunder,Jared McCain,1642272,OKC,Los Angeles Lakers @ Oklahoma City Thunder,los angeles lakers oklahoma city thunder,1,1,PRA (hitos),7+,PRA,over,7,6.5,1.8,11.2718,6.1893,0.779639,0.555556,0.224084,0.403350,40.34,7d04aa1b878b6ad16a524c2ade72bce78034f90c,7d04aa1b878b6ad16a524c2ade72bce78034f90c|11.2718|6.1893
2026-05-12T13:07:45+00:00,20260511_105223,betano,Cleveland Cavaliers Detroit Pistons,Jaylon Tyson,jaylon tyson,cleveland cavaliers detroit pistons,Jaylon Tyson,1642281,CLE,Cleveland Cavaliers @ Detroit Pistons,cleveland cavaliers detroit pistons,1,1,RA (hitos),5+,RA,over,5,4.5,2.02,5.85557,2.6976,0.692346,0.495050,0.197296,0.398539,39.85,57a1ba571221128d127bd98e77622cd5111be08d,57a1ba571221128d127bd98e77622cd5111be08d|5.8556|2.6976
2026-05-12T13:07:45+00:00,20260511_105223,betano,Cleveland Cavaliers Detroit Pistons,Duncan Robinson,duncan robinson,cleveland cavaliers detroit pistons,Duncan Robinson,1629130,DET,Cleveland Cavaliers @ Detroit Pistons,cleveland cavaliers detroit pistons,1,1,Rebotes (hitos),3+,REB,over,3,2.5,1.91,3.70843,1.9667,0.730540,0.523560,0.206979,0.395330,39.53,d1475fd11a4f313a86ad983034121d4375e2b021,d1475fd11a4f313a86ad983034121d4375e2b021|3.7084|1.9667
2026-05-12T13:07:45+00:00,20260511_105223,betano,Cleveland Cavaliers Detroit Pistons,Dennis Schroder,dennis schroder,cleveland cavaliers detroit pistons,Dennis Schröder,203471,CLE,Cleveland Cavaliers @ Detroit Pistons,cleveland cavaliers detroit pistons,1,1,Puntos (hitos),7+,PTS,over,7,6.5,1.91,9.44399,4.8341,0.728739,0.523560,0.205179,0.391892,39.19,392ae71195ca14cca0793de0d22a632ce1000f0b,392ae71195ca14cca0793de0d22a632ce1000f0b|9.4440|4.8341
2026-05-12T13:07:45+00:00,20260511_105223,betano,San Antonio Spurs Minnesota Timberwolves,Julius Randle,julius randle,san antonio spurs minnesota timberwolves,Julius Randle,203944,MIN,San Antonio Spurs @ Minnesota Timberwolves,san antonio spurs minnesota timberwolves,1,1,PRA (hitos),26+,PRA,over,26,25.5,1.6,32.4312,6.1893,0.868615,0.625000,0.243615,0.389785,38.98,6c9025913982002291c22f4890d7a90b0cc06aee,6c9025913982002291c22f4890d7a90b0cc06aee|32.4312|6.1893
2026-05-12T13:07:45+00:00,20260511_105223,betano,San Antonio Spurs Minnesota Timberwolves,Jaden McDaniels,jaden mcdaniels,san antonio spurs minnesota timberwolves,Jaden McDaniels,1630183,MIN,San Antonio Spurs @ Minnesota Timberwolves,san antonio spurs minnesota timberwolves,1,1,Puntos (hitos),15+,PTS,over,15,14.5,1.9,17.4769,4.8341,0.730990,0.526316,0.204674,0.388880,38.89,b1d8773cf65cfe6c92cc8203e0a3838c3608ee8e,b1d8773cf65cfe6c92cc8203e0a3838c3608ee8e|17.4769|4.8341
2026-05-12T13:07:45+00:00,20260511_105223,betano,Cleveland Cavaliers Detroit Pistons,Caris LeVert,caris levert,cleveland cavaliers detroit pistons,Caris LeVert,1627747,DET,Cleveland Cavaliers @ Detroit Pistons,cleveland cavaliers detroit pistons,1,1,RA (hitos),3+,RA,over,3,2.5,1.95,3.99036,2.6976,0.709689,0.512821,0.196868,0.383893,38.39,b247bfc2b329709209caec8812802fed15e2b8e5,b247bfc2b329709209caec8812802fed15e2b8e5|3.9904|2.6976
2026-05-12T13:07:45+00:00,20260511_105223,betano,Cleveland Cavaliers Detroit Pistons,Jaylon Tyson,jaylon tyson,cleveland cavaliers detroit pistons,Jaylon Tyson,1642281,CLE,Cleveland Cavaliers @ Detroit Pistons,cleveland cavaliers detroit pistons,1,1,Asistencias (hitos),2+,AST,over,2,1.5,2.25,1.91914,1.4546,0.613382,0.444444,0.168938,0.380110,38.01,2231d9df6aa60c6ac5c869f643cf61081e76ef43,2231d9df6aa60c6ac5c869f643cf61081e76ef43|1.9191|1.4546
2026-05-12T13:07:45+00:00,20260511_105223,betano,Los Angeles Lakers Oklahoma City Thunder,Isaiah Joe,isaiah joe,los angeles lakers oklahoma city thunder,Isaiah Joe,1630198,OKC,Los Angeles Lakers @ Oklahoma City Thunder,los angeles lakers oklahoma city thunder,1,1,Rebotes (hitos),2+,REB,over,2,1.5,2.07,2.33896,1.9667,0.665158,0.483092,0.182066,0.376876,37.69,f2847429f2386c070a1c35be87cd5e12b4e7d8f1,f2847429f2386c070a1c35be87cd5e12b4e7d8f1|2.3390|1.9667
2026-05-12T13:07:45+00:00,20260511_105223,betano,San Antonio Spurs Minnesota Timberwolves,Keldon Johnson,keldon johnson,san antonio spurs minnesota timberwolves,Keldon Johnson,1629640,SAS,San Antonio Spurs @ Minnesota Timberwolves,san antonio spurs minnesota timberwolves,1,1,Rebotes (hitos),4+,REB,over,4,3.5,1.87,4.73756,1.9667,0.735410,0.534759,0.200651,0.375217,37.52,ded26231e0423b7955e84cffb4b8d59faa769206,ded26231e0423b7955e84cffb4b8d59faa769206|4.7376|1.9667
2026-05-12T13:07:45+00:00,20260511_105223,betano,Cleveland Cavaliers Detroit Pistons,Caris LeVert,caris levert,cleveland cavaliers detroit pistons,Caris LeVert,1627747,DET,Cleveland Cavaliers @ Detroit Pistons,cleveland cavaliers detroit pistons,1,1,PRA (hitos),7+,PRA,over,7,6.5,1.85,10.5025,6.1893,0.741079,0.540541,0.200538,0.370996,37.10,146422b2aace67aa7d063d4e610225d04ecb0c57,146422b2aace67aa7d063d4e610225d04ecb0c57|10.5025|6.1893
2026-05-12T13:07:45+00:00,20260511_105223,betano,Los Angeles Lakers Oklahoma City Thunder,Cason Wallace,cason wallace,los angeles lakers oklahoma city thunder,Cason Wallace,1641717,OKC,Los Angeles Lakers @ Oklahoma City Thunder,los angeles lakers oklahoma city thunder,1,1,Asistencias (hitos),2+,AST,over,2,1.5,1.72,2.69818,1.4546,0.794950,0.581395,0.213554,0.367313,36.73,2e9a2d11a48f8c48d9d4282983dec3ef32b1dd95,2e9a2d11a48f8c48d9d4282983dec3ef32b1dd95|2.6982|1.4546
2026-05-12T13:07:45+00:00,20260511_105223,betano,Los Angeles Lakers Oklahoma City Thunder,Jaxson Hayes,jaxson hayes,los angeles lakers oklahoma city thunder,Jaxson Hayes,1629637,LAL,Los Angeles Lakers @ Oklahoma City Thunder,los angeles lakers oklahoma city thunder,1,1,PRA (hitos),10+,PRA,over,10,9.5,2.18,11.5076,6.1893,0.627167,0.458716,0.168451,0.367224,36.72,11d7bcba6c6fd7f013cd2729a35445da379e7c08,11d7bcba6c6fd7f013cd2729a35445da379e7c08|11.5076|6.1893
2026-05-12T13:07:45+00:00,20260511_105223,betano,Cleveland Cavaliers Detroit Pistons,Caris LeVert,caris levert,cleveland cavaliers detroit pistons,Caris LeVert,1627747,DET,Cleveland Cavaliers @ Detroit Pistons,cleveland cavaliers detroit pistons,1,1,Puntos (hitos),4+,PTS,over,4,3.5,1.72,7.46578,4.8341,0.793999,0.581395,0.212604,0.365678,36.57,4ef8c6dc782729f3f213e86eb21348a1ea634621,4ef8c6dc782729f3f213e86eb21348a1ea634621|7.4658|4.8341
2026-05-12T13:07:45+00:00,20260511_105223,betano,Cleveland Cavaliers Detroit Pistons,Isaiah Stewart,isaiah stewart,cleveland cavaliers detroit pistons,Isaiah Stewart,1630191,DET,Cleveland Cavaliers @ Detroit Pistons,cleveland cavaliers detroit pistons,1,1,Puntos (hitos),3+,PTS,over,3,2.5,1.62,7.33811,4.8341,0.841545,0.617284,0.224261,0.363303,36.33,a60b39d98242f4311e1eb5a42efc2c22a7d928ac,a60b39d98242f4311e1eb5a42efc2c22a7d928ac|7.3381|4.8341
2026-05-12T13:07:45+00:00,20260511_105223,betano,Cleveland Cavaliers Detroit Pistons,Max Strus,max strus,cleveland cavaliers detroit pistons,Max Strus,1629622,CLE,Cleveland Cavaliers @ Detroit Pistons,cleveland cavaliers detroit pistons,1,1,PRA (hitos),15+,PRA,over,15,14.5,1.9,18.0189,6.1893,0.715165,0.526316,0.188849,0.358814,35.88,0b5e800e4b89b0781a4719833540a573c2d46ece,0b5e800e4b89b0781a4719833540a573c2d46ece|18.0189|6.1893
2026-05-12T13:07:45+00:00,20260511_105223,betano,Los Angeles Lakers Oklahoma City Thunder,Jared McCain,jared mccain,los angeles lakers oklahoma city thunder,Jared McCain,1642272,OKC,Los Angeles Lakers @ Oklahoma City Thunder,los angeles lakers oklahoma city thunder,1,1,Triples (hitos),1+,3PM,over,1,0.5,1.57,1.56554,0.9642,0.865443,0.636943,0.228500,0.358745,35.87,a9d186565141bb945da20a7177ca69f80d1175f4,a9d186565141bb945da20a7177ca69f80d1175f4|1.5655|0.9642
2026-05-12T13:07:45+00:00,20260511_105223,betano,Los Angeles Lakers Oklahoma City Thunder,Luguentz Dort,luguentz dort,los angeles lakers oklahoma city thunder,Luguentz Dort,1629652,OKC,Los Angeles Lakers @ Oklahoma City Thunder,los angeles lakers oklahoma city thunder,1,1,Triples (hitos),2+,3PM,over,2,1.5,1.85,2.09494,0.9642,0.731393,0.540541,0.190852,0.353077,35.31,240835199309eca075be6951227560772b87ce0c,240835199309eca075be6951227560772b87ce0c|2.0949|0.9642
2026-05-12T13:07:45+00:00,20260511_105223,betano,San Antonio Spurs Minnesota Timberwolves,Julian Champagnie,julian champagnie,san antonio spurs minnesota timberwolves,Julian Champagnie,1630577,SAS,San Antonio Spurs @ Minnesota Timberwolves,san antonio spurs minnesota timberwolves,1,1,Puntos (hitos),10+,PTS,over,10,9.5,2.15,11.0908,4.8341,0.628956,0.465116,0.163839,0.352255,35.23,aa5ba4bbcbb3b8dfd317131cefc259d90c839830,aa5ba4bbcbb3b8dfd317131cefc259d90c839830|11.0908|4.8341
2026-05-12T13:07:45+00:00,20260511_105223,betano,San Antonio Spurs Minnesota Timberwolves,Julius Randle,julius randle,san antonio spurs minnesota timberwolves,Julius Randle,203944,MIN,San Antonio Spurs @ Minnesota Timberwolves,san antonio spurs minnesota timberwolves,1,1,Puntos (hitos),15+,PTS,over,15,14.5,1.52,20.4061,4.8341,0.889101,0.657895,0.231206,0.351434,35.14,2d0fb7b8eb195d493e2b03d405506be3b8f47340,2d0fb7b8eb195d493e2b03d405506be3b8f47340|20.4061|4.8341
2026-05-12T13:07:45+00:00,20260511_105223,betano,Los Angeles Lakers Oklahoma City Thunder,Ajay Mitchell,ajay mitchell,los angeles lakers oklahoma city thunder,Ajay Mitchell,1642349,OKC,Los Angeles Lakers @ Oklahoma City Thunder,los angeles lakers oklahoma city thunder,1,1,Asistencias (hitos),5+,AST,over,5,4.5,2.1,5.00378,1.4546,0.635456,0.476190,0.159266,0.334458,33.45,94d18378fce739bd42f71e7cef34832622da724b,94d18378fce739bd42f71e7cef34832622da724b|5.0038|1.4546
2026-05-12T13:07:45+00:00,20260511_105223,betano,Los Angeles Lakers Oklahoma City Thunder,Jared McCain,jared mccain,los angeles lakers oklahoma city thunder,Jared McCain,1642272,OKC,Los Angeles Lakers @ Oklahoma City Thunder,los angeles lakers oklahoma city thunder,1,1,RA (hitos),2+,RA,over,2,1.5,1.7,3.6095,2.6976,0.782890,0.588235,0.194655,0.330913,33.09,c7578c9a29d1f9621d63999eb74346a5ec227a18,c7578c9a29d1f9621d63999eb74346a5ec227a18|3.6095|2.6976
2026-05-12T13:07:45+00:00,20260511_105223,betano,San Antonio Spurs Minnesota Timberwolves,Naz Reid,naz reid,san antonio spurs minnesota timberwolves,Naz Reid,1629675,MIN,San Antonio Spurs @ Minnesota Timberwolves,san antonio spurs minnesota timberwolves,1,1,Puntos (hitos),12+,PTS,over,12,11.5,1.9,14.0203,4.8341,0.698945,0.526316,0.172629,0.327996,32.80,b6b78fe97faa4407b2e01166a355884e2c75bb54,b6b78fe97faa4407b2e01166a355884e2c75bb54|14.0203|4.8341
2026-05-12T13:07:45+00:00,20260511_105223,betano,Los Angeles Lakers Oklahoma City Thunder,Jaxson Hayes,jaxson hayes,los angeles lakers oklahoma city thunder,Jaxson Hayes,1629637,LAL,Los Angeles Lakers @ Oklahoma City Thunder,los angeles lakers oklahoma city thunder,1,1,Rebotes (hitos),4+,REB,over,4,3.5,2,4.31316,1.9667,0.660367,0.500000,0.160367,0.320734,32.07,e66463adcd7be2a0feaf84c20a8aa424d771cc07,e66463adcd7be2a0feaf84c20a8aa424d771cc07|4.3132|1.9667
2026-05-12T13:07:45+00:00,20260511_105223,betano,San Antonio Spurs Minnesota Timberwolves,Terrence Shannon Jr.,terrence shannon jr,san antonio spurs minnesota timberwolves,Terrence Shannon Jr.,1630545,MIN,San Antonio Spurs @ Minnesota Timberwolves,san antonio spurs minnesota timberwolves,1,1,Triples (hitos),1+,3PM,over,1,0.5,1.5,1.59439,0.9642,0.871818,0.666667,0.205152,0.307728,30.77,36acea6abdfb054f1749737a6c5bc167c81265a3,36acea6abdfb054f1749737a6c5bc167c81265a3|1.5944|0.9642
2026-05-12T13:07:45+00:00,20260511_105223,betano,San Antonio Spurs Minnesota Timberwolves,Ayo Dosunmu,ayo dosunmu,san antonio spurs minnesota timberwolves,Ayo Dosunmu,1630245,MIN,San Antonio Spurs @ Minnesota Timberwolves,san antonio spurs minnesota timberwolves,1,1,Puntos (hitos),13+,PTS,over,13,12.5,1.8,15.3944,4.8341,0.725328,0.555556,0.169773,0.305591,30.56,a1803cfee7841b19a94c089ec56ff9ca9574264d,a1803cfee7841b19a94c089ec56ff9ca9574264d|15.3944|4.8341
2026-05-12T13:07:45+00:00,20260511_105223,betano,San Antonio Spurs Minnesota Timberwolves,Julius Randle,julius randle,san antonio spurs minnesota timberwolves,Julius Randle,203944,MIN,San Antonio Spurs @ Minnesota Timberwolves,san antonio spurs minnesota timberwolves,1,1,PRA (hitos),25+,PRA,over,25,24.5,1.45,32.4312,6.1893,0.899980,0.689655,0.210325,0.304971,30.50,6875065c9acbee59cec25eb457518e0b80369b2c,6875065c9acbee59cec25eb457518e0b80369b2c|32.4312|6.1893
2026-05-12T13:07:45+00:00,20260511_105223,betano,Los Angeles Lakers Oklahoma City Thunder,Jaxson Hayes,jaxson hayes,los angeles lakers oklahoma city thunder,Jaxson Hayes,1629637,LAL,Los Angeles Lakers @ Oklahoma City Thunder,los angeles lakers oklahoma city thunder,1,1,Puntos (hitos),5+,PTS,over,5,4.5,1.93,6.69305,4.8341,0.674964,0.518135,0.156830,0.302681,30.27,74bffc3eccdf492ed5201aa48e48b8853b5f166f,74bffc3eccdf492ed5201aa48e48b8853b5f166f|6.6931|4.8341
2026-05-12T13:07:45+00:00,20260511_105223,betano,Los Angeles Lakers Oklahoma City Thunder,Jared McCain,jared mccain,los angeles lakers oklahoma city thunder,Jared McCain,1642272,OKC,Los Angeles Lakers @ Oklahoma City Thunder,los angeles lakers oklahoma city thunder,1,1,Puntos (hitos),5+,PTS,over,5,4.5,1.7,8.00345,4.8341,0.765693,0.588235,0.177458,0.301679,30.17,5d1de307370ef51edf23162df7a6daa8ea7af645,5d1de307370ef51edf23162df7a6daa8ea7af645|8.0035|4.8341
2026-05-12T13:07:45+00:00,20260511_105223,betano,Los Angeles Lakers Oklahoma City Thunder,Isaiah Joe,isaiah joe,los angeles lakers oklahoma city thunder,Isaiah Joe,1630198,OKC,Los Angeles Lakers @ Oklahoma City Thunder,los angeles lakers oklahoma city thunder,1,1,PRA (hitos),7+,PRA,over,7,6.5,1.57,12.3629,6.1893,0.828248,0.636943,0.191305,0.300349,30.03,c380e7011d0d2d4ba9e15c1cc0658834a7d1efd7,c380e7011d0d2d4ba9e15c1cc0658834a7d1efd7|12.3629|6.1893
2026-05-12T13:07:45+00:00,20260511_105223,betano,Los Angeles Lakers Oklahoma City Thunder,Isaiah Joe,isaiah joe,los angeles lakers oklahoma city thunder,Isaiah Joe,1630198,OKC,Los Angeles Lakers @ Oklahoma City Thunder,los angeles lakers oklahoma city thunder,1,1,Puntos (hitos),5+,PTS,over,5,4.5,1.57,9.0266,4.8341,0.825464,0.636943,0.188521,0.295978,29.60,7342c6cb3eb73d4fc83a0a2ed041be37858ce822,7342c6cb3eb73d4fc83a0a2ed041be37858ce822|9.0266|4.8341
2026-05-12T13:07:45+00:00,20260511_105223,betano,Los Angeles Lakers Oklahoma City Thunder,Luguentz Dort,luguentz dort,los angeles lakers oklahoma city thunder,Luguentz Dort,1629652,OKC,Los Angeles Lakers @ Oklahoma City Thunder,los angeles lakers oklahoma city thunder,1,1,RA (hitos),4+,RA,over,4,3.5,1.93,4.69297,2.6976,0.670840,0.518135,0.152705,0.294722,29.47,b8c5262062fe60723db58283519d1d604b157101,b8c5262062fe60723db58283519d1d604b157101|4.6930|2.6976
2026-05-12T13:07:45+00:00,20260511_105223,betano,Cleveland Cavaliers Detroit Pistons,Dennis Schroder,dennis schroder,cleveland cavaliers detroit pistons,Dennis Schröder,203471,CLE,Cleveland Cavaliers @ Detroit Pistons,cleveland cavaliers detroit pistons,1,1,Triples (hitos),1+,3PM,over,1,0.5,1.91,0.944766,0.9642,0.677701,0.523560,0.154141,0.294409,29.44,549bec0def2f0b42938c8e36935472e761cd9d59,549bec0def2f0b42938c8e36935472e761cd9d59|0.9448|0.9642
2026-05-12T13:07:45+00:00,20260511_105223,betano,Cleveland Cavaliers Detroit Pistons,Dennis Schroder,dennis schroder,cleveland cavaliers detroit pistons,Dennis Schröder,203471,CLE,Cleveland Cavaliers @ Detroit Pistons,cleveland cavaliers detroit pistons,1,1,Rebotes (hitos),2+,REB,over,2,1.5,1.85,2.50651,1.9667,0.695595,0.540541,0.155055,0.286851,28.69,6e6b291beaa7945a453387d97bb458a222b50ab0,6e6b291beaa7945a453387d97bb458a222b50ab0|2.5065|1.9667
2026-05-12T13:07:45+00:00,20260511_105223,betano,San Antonio Spurs Minnesota Timberwolves,Julian Champagnie,julian champagnie,san antonio spurs minnesota timberwolves,Julian Champagnie,1630577,SAS,San Antonio Spurs @ Minnesota Timberwolves,san antonio spurs minnesota timberwolves,1,1,Puntos (hitos),9+,PTS,over,9,8.5,1.82,11.0908,4.8341,0.704004,0.549451,0.154554,0.281288,28.13,f16382f09a6b9db444f6ad2e1e840f15e9edbf4d,f16382f09a6b9db444f6ad2e1e840f15e9edbf4d|11.0908|4.8341
2026-05-12T13:07:45+00:00,20260511_105223,betano,Cleveland Cavaliers Detroit Pistons,Isaiah Stewart,isaiah stewart,cleveland cavaliers detroit pistons,Isaiah Stewart,1630191,DET,Cleveland Cavaliers @ Detroit Pistons,cleveland cavaliers detroit pistons,1,1,Rebotes (hitos),2+,REB,over,2,1.5,1.35,4.6732,1.9667,0.946678,0.740741,0.205938,0.278016,27.80,6aab87f9e84bdfebc63877b70053a3c8ac9d6ac7,6aab87f9e84bdfebc63877b70053a3c8ac9d6ac7|4.6732|1.9667
2026-05-12T13:07:45+00:00,20260511_105223,betano,Los Angeles Lakers Oklahoma City Thunder,Cason Wallace,cason wallace,los angeles lakers oklahoma city thunder,Cason Wallace,1641717,OKC,Los Angeles Lakers @ Oklahoma City Thunder,los angeles lakers oklahoma city thunder,1,1,RA (hitos),5+,RA,over,5,4.5,2.02,5.4137,2.6976,0.632585,0.495050,0.137535,0.277821,27.78,b572c7f47edd6a395a58699b6c1de9fe20a47858,b572c7f47edd6a395a58699b6c1de9fe20a47858|5.4137|2.6976
2026-05-12T13:07:45+00:00,20260511_105223,betano,Cleveland Cavaliers Detroit Pistons,Donovan Mitchell,donovan mitchell,cleveland cavaliers detroit pistons,Donovan Mitchell,1628378,CLE,Cleveland Cavaliers @ Detroit Pistons,cleveland cavaliers detroit pistons,1,1,Triples (hitos),3+,3PM,over,3,2.5,1.65,3.22594,0.9642,0.774243,0.606061,0.168183,0.277502,27.75,a2b7fb81b8bf2c0a4f480fd625dee488db30b1e8,a2b7fb81b8bf2c0a4f480fd625dee488db30b1e8|3.2259|0.9642
2026-05-12T13:07:45+00:00,20260511_105223,betano,Los Angeles Lakers Oklahoma City Thunder,Chet Holmgren,chet holmgren,los angeles lakers oklahoma city thunder,Chet Holmgren,1631096,OKC,Los Angeles Lakers @ Oklahoma City Thunder,los angeles lakers oklahoma city thunder,1,1,Asistencias (hitos),2+,AST,over,2,1.5,2.02,1.99047,1.4546,0.632011,0.495050,0.136961,0.276662,27.67,7878ad64a5861d90c6625cf7822ca14210e19c9c,7878ad64a5861d90c6625cf7822ca14210e19c9c|1.9905|1.4546
2026-05-12T13:07:45+00:00,20260511_105223,betano,Cleveland Cavaliers Detroit Pistons,Dennis Schroder,dennis schroder,cleveland cavaliers detroit pistons,Dennis Schröder,203471,CLE,Cleveland Cavaliers @ Detroit Pistons,cleveland cavaliers detroit pistons,1,1,RA (hitos),5+,RA,over,5,4.5,2.07,5.29826,2.6976,0.616352,0.483092,0.133260,0.275849,27.58,98ca918ab516b24e09c2bab446393901749fc412,98ca918ab516b24e09c2bab446393901749fc412|5.2983|2.6976
2026-05-12T13:07:45+00:00,20260511_105223,betano,Cleveland Cavaliers Detroit Pistons,Dennis Schroder,dennis schroder,cleveland cavaliers detroit pistons,Dennis Schröder,203471,CLE,Cleveland Cavaliers @ Detroit Pistons,cleveland cavaliers detroit pistons,1,1,Puntos (hitos),6+,PTS,over,6,5.5,1.6,9.44399,4.8341,0.792712,0.625000,0.167712,0.268339,26.83,b032277b50a74e673859ddbc0d4bc1069f856656,b032277b50a74e673859ddbc0d4bc1069f856656|9.4440|4.8341
2026-05-12T13:07:45+00:00,20260511_105223,betano,Cleveland Cavaliers Detroit Pistons,Caris LeVert,caris levert,cleveland cavaliers detroit pistons,Caris LeVert,1627747,DET,Cleveland Cavaliers @ Detroit Pistons,cleveland cavaliers detroit pistons,1,1,Rebotes (hitos),2+,REB,over,2,1.5,2.07,2.05326,1.9667,0.610766,0.483092,0.127674,0.264285,26.43,4be08f238ab89306be3ecf6804c6a7f09610b883,4be08f238ab89306be3ecf6804c6a7f09610b883|2.0533|1.9667
2026-05-12T13:07:45+00:00,20260511_105223,betano,San Antonio Spurs Minnesota Timberwolves,Keldon Johnson,keldon johnson,san antonio spurs minnesota timberwolves,Keldon Johnson,1629640,SAS,San Antonio Spurs @ Minnesota Timberwolves,san antonio spurs minnesota timberwolves,1,1,Puntos (hitos),9+,PTS,over,9,8.5,1.98,10.1968,4.8341,0.637209,0.505051,0.132158,0.261673,26.17,9f093c7c03b7d3537c4aff810d2400179b97c1f0,9f093c7c03b7d3537c4aff810d2400179b97c1f0|10.1968|4.8341
2026-05-12T13:07:45+00:00,20260511_105223,betano,Cleveland Cavaliers Detroit Pistons,Jalen Duren,jalen duren,cleveland cavaliers detroit pistons,Jalen Duren,1631105,DET,Cleveland Cavaliers @ Detroit Pistons,cleveland cavaliers detroit pistons,1,1,Rebotes (hitos),11+,REB,over,11,10.5,1.91,11.3046,1.9667,0.658777,0.523560,0.135217,0.258265,25.83,6e5a9d46ef0ab2a3f2a6cee0b4a03fcee4a6d35f,6e5a9d46ef0ab2a3f2a6cee0b4a03fcee4a6d35f|11.3046|1.9667
2026-05-12T13:07:45+00:00,20260511_105223,betano,Los Angeles Lakers Oklahoma City Thunder,Isaiah Hartenstein,isaiah hartenstein,los angeles lakers oklahoma city thunder,Isaiah Hartenstein,1628392,OKC,Los Angeles Lakers @ Oklahoma City Thunder,los angeles lakers oklahoma city thunder,1,1,PRA (hitos),21+,PRA,over,21,20.5,1.95,22.7856,6.1893,0.644043,0.512821,0.131222,0.255884,25.59,44358209f9acc56f9f397c0a50ad736091abb305,44358209f9acc56f9f397c0a50ad736091abb305|22.7856|6.1893
2026-05-12T13:07:45+00:00,20260511_105223,betano,Cleveland Cavaliers Detroit Pistons,James Harden,james harden,cleveland cavaliers detroit pistons,James Harden,201935,CLE,Cleveland Cavaliers @ Detroit Pistons,cleveland cavaliers detroit pistons,1,1,Puntos (hitos),20+,PTS,over,20,19.5,2.07,20.8083,4.8341,0.606670,0.483092,0.123578,0.255807,25.58,59031aa8778b795eb466dbfb0f3009595fb8fbaf,59031aa8778b795eb466dbfb0f3009595fb8fbaf|20.8083|4.8341
2026-05-12T13:07:45+00:00,20260511_105223,betano,Cleveland Cavaliers Detroit Pistons,Jaylon Tyson,jaylon tyson,cleveland cavaliers detroit pistons,Jaylon Tyson,1642281,CLE,Cleveland Cavaliers @ Detroit Pistons,cleveland cavaliers detroit pistons,1,1,Rebotes (hitos),3+,REB,over,3,2.5,1.6,4.05098,1.9667,0.784833,0.625000,0.159833,0.255732,25.57,7af2043bdf956d20c8ea79037ce3109f68be66e8,7af2043bdf956d20c8ea79037ce3109f68be66e8|4.0510|1.9667
2026-05-12T13:07:45+00:00,20260511_105223,betano,Los Angeles Lakers Oklahoma City Thunder,Cason Wallace,cason wallace,los angeles lakers oklahoma city thunder,Cason Wallace,1641717,OKC,Los Angeles Lakers @ Oklahoma City Thunder,los angeles lakers oklahoma city thunder,1,1,Rebotes (hitos),3+,REB,over,3,2.5,1.91,3.29063,1.9667,0.656160,0.523560,0.132600,0.253266,25.33,5a67a017cc42c6c86eae1be2377d90c4fe86bccc,5a67a017cc42c6c86eae1be2377d90c4fe86bccc|3.2906|1.9667
2026-05-12T13:07:45+00:00,20260511_105223,betano,Cleveland Cavaliers Detroit Pistons,James Harden,james harden,cleveland cavaliers detroit pistons,James Harden,201935,CLE,Cleveland Cavaliers @ Detroit Pistons,cleveland cavaliers detroit pistons,1,1,Puntos (hitos),19+,PTS,over,19,18.5,1.83,20.8083,4.8341,0.683502,0.546448,0.137054,0.250808,25.08,0b44806638fa81417df113836a3bfea142f700f4,0b44806638fa81417df113836a3bfea142f700f4|20.8083|4.8341
2026-05-12T13:07:45+00:00,20260511_105223,betano,Los Angeles Lakers Oklahoma City Thunder,Ajay Mitchell,ajay mitchell,los angeles lakers oklahoma city thunder,Ajay Mitchell,1642349,OKC,Los Angeles Lakers @ Oklahoma City Thunder,los angeles lakers oklahoma city thunder,1,1,Asistencias (hitos),4+,AST,over,4,3.5,1.47,5.00378,1.4546,0.849388,0.680272,0.169116,0.248601,24.86,31577529fd84ed1ad17af219ee0cc5cc5ad2b1be,31577529fd84ed1ad17af219ee0cc5cc5ad2b1be|5.0038|1.4546
2026-05-12T13:07:45+00:00,20260511_105223,betano,San Antonio Spurs Minnesota Timberwolves,Jaden McDaniels,jaden mcdaniels,san antonio spurs minnesota timberwolves,Jaden McDaniels,1630183,MIN,San Antonio Spurs @ Minnesota Timberwolves,san antonio spurs minnesota timberwolves,1,1,Puntos (hitos),13+,PTS,over,13,12.5,1.47,17.4769,4.8341,0.848386,0.680272,0.168114,0.247128,24.71,7fd543bd6f3a27e21080ba53e455964bf48aa2f2,7fd543bd6f3a27e21080ba53e455964bf48aa2f2|17.4769|4.8341
2026-05-12T13:07:45+00:00,20260511_105223,betano,Cleveland Cavaliers Detroit Pistons,James Harden,james harden,cleveland cavaliers detroit pistons,James Harden,201935,CLE,Cleveland Cavaliers @ Detroit Pistons,cleveland cavaliers detroit pistons,1,1,Puntos (hitos),18+,PTS,over,18,17.5,1.65,20.8083,4.8341,0.753132,0.606061,0.147071,0.242667,24.27,3161d2d46e054c6be4108937225491cddd7936d2,3161d2d46e054c6be4108937225491cddd7936d2|20.8083|4.8341
2026-05-12T13:07:45+00:00,20260511_105223,betano,San Antonio Spurs Minnesota Timberwolves,Dylan Harper,dylan harper,san antonio spurs minnesota timberwolves,Dylan Harper,1642844,SAS,San Antonio Spurs @ Minnesota Timberwolves,san antonio spurs minnesota timberwolves,1,1,Puntos (hitos),11+,PTS,over,11,10.5,1.91,12.3665,4.8341,0.650295,0.523560,0.126735,0.242063,24.21,55a14a8563c9b986395dd749ee3556df7dc10103,55a14a8563c9b986395dd749ee3556df7dc10103|12.3665|4.8341
2026-05-12T13:07:45+00:00,20260511_105223,betano,Cleveland Cavaliers Detroit Pistons,Jaylon Tyson,jaylon tyson,cleveland cavaliers detroit pistons,Jaylon Tyson,1642281,CLE,Cleveland Cavaliers @ Detroit Pistons,cleveland cavaliers detroit pistons,1,1,PRA (hitos),11+,PRA,over,11,10.5,1.65,14.7124,6.1893,0.751934,0.606061,0.145873,0.240691,24.07,caaa6f8febeb24eb1ae62fa51ce1160d940ffa54,caaa6f8febeb24eb1ae62fa51ce1160d940ffa54|14.7124|6.1893
2026-05-12T13:07:45+00:00,20260511_105223,betano,Los Angeles Lakers Oklahoma City Thunder,Jared McCain,jared mccain,los angeles lakers oklahoma city thunder,Jared McCain,1642272,OKC,Los Angeles Lakers @ Oklahoma City Thunder,los angeles lakers oklahoma city thunder,1,1,PRA (hitos),6+,PRA,over,6,5.5,1.5,11.2718,6.1893,0.824472,0.666667,0.157806,0.236709,23.67,699fca20b9eff068ed1f657514f70fbcf6e0aa50,699fca20b9eff068ed1f657514f70fbcf6e0aa50|11.2718|6.1893
2026-05-12T13:07:45+00:00,20260511_105223,betano,Los Angeles Lakers Oklahoma City Thunder,Jared McCain,jared mccain,los angeles lakers oklahoma city thunder,Jared McCain,1642272,OKC,Los Angeles Lakers @ Oklahoma City Thunder,los angeles lakers oklahoma city thunder,1,1,Puntos (hitos),4+,PTS,over,4,3.5,1.5,8.00345,4.8341,0.824229,0.666667,0.157562,0.236343,23.63,e5da38976145d620f5d84feeca37b2324455f539,e5da38976145d620f5d84feeca37b2324455f539|8.0035|4.8341
2026-05-12T13:07:45+00:00,20260511_105223,betano,Los Angeles Lakers Oklahoma City Thunder,Jaxson Hayes,jaxson hayes,los angeles lakers oklahoma city thunder,Jaxson Hayes,1629637,LAL,Los Angeles Lakers @ Oklahoma City Thunder,los angeles lakers oklahoma city thunder,1,1,Asistencias (hitos),1+,AST,over,1,0.5,1.95,0.995814,1.4546,0.633395,0.512821,0.120575,0.235121,23.51,5d9027f9b866af9a08d40458d230f50363761541,5d9027f9b866af9a08d40458d230f50363761541|0.9958|1.4546
2026-05-12T13:07:45+00:00,20260511_105223,betano,San Antonio Spurs Minnesota Timberwolves,Ayo Dosunmu,ayo dosunmu,san antonio spurs minnesota timberwolves,Ayo Dosunmu,1630245,MIN,San Antonio Spurs @ Minnesota Timberwolves,san antonio spurs minnesota timberwolves,1,1,Triples (hitos),2+,3PM,over,2,1.5,2.05,1.74881,0.9642,0.601817,0.487805,0.114012,0.233724,23.37,756d19e4c190a0f3ff74abf7db63f94eba6c2cad,756d19e4c190a0f3ff74abf7db63f94eba6c2cad|1.7488|0.9642
2026-05-12T13:07:45+00:00,20260511_105223,betano,Cleveland Cavaliers Detroit Pistons,Max Strus,max strus,cleveland cavaliers detroit pistons,Max Strus,1629622,CLE,Cleveland Cavaliers @ Detroit Pistons,cleveland cavaliers detroit pistons,1,1,Puntos (hitos),9+,PTS,over,9,8.5,1.93,10.161,4.8341,0.634423,0.518135,0.116289,0.224437,22.44,94e5799a9c809527eb4e8b0b1769c6e30570ccfa,94e5799a9c809527eb4e8b0b1769c6e30570ccfa|10.1610|4.8341
2026-05-12T13:07:45+00:00,20260511_105223,betano,San Antonio Spurs Minnesota Timberwolves,Rudy Gobert,rudy gobert,san antonio spurs minnesota timberwolves,Rudy Gobert,203497,MIN,San Antonio Spurs @ Minnesota Timberwolves,san antonio spurs minnesota timberwolves,1,1,PRA (hitos),22+,PRA,over,22,21.5,2.02,23.1514,6.1893,0.605192,0.495050,0.110142,0.222487,22.25,a9ad8edbc5d013c8eac256cc8a8c071b367a8b13,a9ad8edbc5d013c8eac256cc8a8c071b367a8b13|23.1514|6.1893
2026-05-12T13:07:45+00:00,20260511_105223,betano,Los Angeles Lakers Oklahoma City Thunder,Jaxson Hayes,jaxson hayes,los angeles lakers oklahoma city thunder,Jaxson Hayes,1629637,LAL,Los Angeles Lakers @ Oklahoma City Thunder,los angeles lakers oklahoma city thunder,1,1,PRA (hitos),9+,PRA,over,9,8.5,1.78,11.5076,6.1893,0.686491,0.561798,0.124693,0.221954,22.20,2b64cd12837c770c33a298ba530f2629f26af3f9,2b64cd12837c770c33a298ba530f2629f26af3f9|11.5076|6.1893
2026-05-12T13:07:45+00:00,20260511_105223,betano,Cleveland Cavaliers Detroit Pistons,James Harden,james harden,cleveland cavaliers detroit pistons,James Harden,201935,CLE,Cleveland Cavaliers @ Detroit Pistons,cleveland cavaliers detroit pistons,1,1,Puntos (hitos),17+,PTS,over,17,16.5,1.5,20.8083,4.8341,0.813600,0.666667,0.146933,0.220400,22.04,b8e37a54b137bdca6aecb2cdce7094ee56746473,b8e37a54b137bdca6aecb2cdce7094ee56746473|20.8083|4.8341
2026-05-12T13:07:45+00:00,20260511_105223,betano,San Antonio Spurs Minnesota Timberwolves,Rudy Gobert,rudy gobert,san antonio spurs minnesota timberwolves,Rudy Gobert,203497,MIN,San Antonio Spurs @ Minnesota Timberwolves,san antonio spurs minnesota timberwolves,1,1,Rebotes (hitos),11+,REB,over,11,10.5,1.91,11.1979,1.9667,0.638645,0.523560,0.115085,0.219812,21.98,2938f1249bcdb666e53d934b8b584cc0b431b126,2938f1249bcdb666e53d934b8b584cc0b431b126|11.1979|1.9667
2026-05-12T13:07:45+00:00,20260511_105223,betano,Cleveland Cavaliers Detroit Pistons,Max Strus,max strus,cleveland cavaliers detroit pistons,Max Strus,1629622,CLE,Cleveland Cavaliers @ Detroit Pistons,cleveland cavaliers detroit pistons,1,1,Triples (hitos),2+,3PM,over,2,1.5,1.55,2.26637,0.9642,0.786643,0.645161,0.141481,0.219296,21.93,0ae98dd253a6ad267216bdbf4991780bbab428d5,0ae98dd253a6ad267216bdbf4991780bbab428d5|2.2664|0.9642
2026-05-12T13:07:45+00:00,20260511_105223,betano,Los Angeles Lakers Oklahoma City Thunder,Isaiah Hartenstein,isaiah hartenstein,los angeles lakers oklahoma city thunder,Isaiah Hartenstein,1628392,OKC,Los Angeles Lakers @ Oklahoma City Thunder,los angeles lakers oklahoma city thunder,1,1,Puntos (hitos),9+,PTS,over,9,8.5,1.95,10.0368,4.8341,0.624721,0.512821,0.111900,0.218205,21.82,c4c751ed4fc734c03f5027ee2be2e7e1839a236d,c4c751ed4fc734c03f5027ee2be2e7e1839a236d|10.0368|4.8341
2026-05-12T13:07:45+00:00,20260511_105223,betano,Los Angeles Lakers Oklahoma City Thunder,Alex Caruso,alex caruso,los angeles lakers oklahoma city thunder,Alex Caruso,1627936,OKC,Los Angeles Lakers @ Oklahoma City Thunder,los angeles lakers oklahoma city thunder,1,1,Puntos (hitos),7+,PTS,over,7,6.5,1.88,8.31662,4.8341,0.646464,0.531915,0.114549,0.215353,21.54,3ff648590b5265ab0214fc51d7c8a1abc92e30dc,3ff648590b5265ab0214fc51d7c8a1abc92e30dc|8.3166|4.8341
2026-05-12T13:07:45+00:00,20260511_105223,betano,Cleveland Cavaliers Detroit Pistons,Caris LeVert,caris levert,cleveland cavaliers detroit pistons,Caris LeVert,1627747,DET,Cleveland Cavaliers @ Detroit Pistons,cleveland cavaliers detroit pistons,1,1,Asistencias (hitos),1+,AST,over,1,0.5,1.42,2.04334,1.4546,0.855657,0.704225,0.151431,0.215033,21.50,b2e4a9cc7a3fe47e756eeb973e95d1fff69affd0,b2e4a9cc7a3fe47e756eeb973e95d1fff69affd0|2.0433|1.4546
2026-05-12T13:07:45+00:00,20260511_105223,betano,Cleveland Cavaliers Detroit Pistons,Dean Wade,dean wade,cleveland cavaliers detroit pistons,Dean Wade,1629731,CLE,Cleveland Cavaliers @ Detroit Pistons,cleveland cavaliers detroit pistons,1,1,Rebotes (hitos),4+,REB,over,4,3.5,1.93,4.15012,1.9667,0.629513,0.518135,0.111379,0.214961,21.50,2cdab6595b44869de89390ddfe5e938fa3b6bbf4,2cdab6595b44869de89390ddfe5e938fa3b6bbf4|4.1501|1.9667
2026-05-12T13:07:45+00:00,20260511_105223,betano,San Antonio Spurs Minnesota Timberwolves,Naz Reid,naz reid,san antonio spurs minnesota timberwolves,Naz Reid,1629675,MIN,San Antonio Spurs @ Minnesota Timberwolves,san antonio spurs minnesota timberwolves,1,1,Puntos (hitos),10+,PTS,over,10,9.5,1.47,14.0203,4.8341,0.825131,0.680272,0.144859,0.212942,21.29,c3b1c2206b7b86bcec18172243b5d22daa7095ac,c3b1c2206b7b86bcec18172243b5d22daa7095ac|14.0203|4.8341
2026-05-12T13:07:45+00:00,20260511_105223,betano,San Antonio Spurs Minnesota Timberwolves,Julian Champagnie,julian champagnie,san antonio spurs minnesota timberwolves,Julian Champagnie,1630577,SAS,San Antonio Spurs @ Minnesota Timberwolves,san antonio spurs minnesota timberwolves,1,1,Triples (hitos),2+,3PM,over,2,1.5,1.55,2.2377,0.9642,0.777892,0.645161,0.132731,0.205733,20.57,07528a0f5840e32ab2e890a7e8ec85ee1ca3d774,07528a0f5840e32ab2e890a7e8ec85ee1ca3d774|2.2377|0.9642
2026-05-12T13:07:45+00:00,20260511_105223,betano,Cleveland Cavaliers Detroit Pistons,Caris LeVert,caris levert,cleveland cavaliers detroit pistons,Caris LeVert,1627747,DET,Cleveland Cavaliers @ Detroit Pistons,cleveland cavaliers detroit pistons,1,1,Puntos (hitos),3+,PTS,over,3,2.5,1.42,7.46578,4.8341,0.847846,0.704225,0.143621,0.203941,20.39,4ebf56c2465e7153917af9a758f257ca451db95a,4ebf56c2465e7153917af9a758f257ca451db95a|7.4658|4.8341
2026-05-12T13:07:45+00:00,20260511_105223,betano,Cleveland Cavaliers Detroit Pistons,Duncan Robinson,duncan robinson,cleveland cavaliers detroit pistons,Duncan Robinson,1629130,DET,Cleveland Cavaliers @ Detroit Pistons,cleveland cavaliers detroit pistons,1,1,PRA (hitos),17+,PRA,over,17,16.5,1.95,18.3424,6.1893,0.617024,0.512821,0.104204,0.203197,20.32,e922399abc1ca7d3fb5316944ae88cff55ff9335,e922399abc1ca7d3fb5316944ae88cff55ff9335|18.3424|6.1893
2026-05-12T13:07:45+00:00,20260511_105223,betano,Cleveland Cavaliers Detroit Pistons,Caris LeVert,caris levert,cleveland cavaliers detroit pistons,Caris LeVert,1627747,DET,Cleveland Cavaliers @ Detroit Pistons,cleveland cavaliers detroit pistons,1,1,PRA (hitos),6+,PRA,over,6,5.5,1.52,10.5025,6.1893,0.790525,0.657895,0.132630,0.201598,20.16,b26b514c2efeb2a8e672f1c065d07849b47514fe,b26b514c2efeb2a8e672f1c065d07849b47514fe|10.5025|6.1893
2026-05-12T13:07:45+00:00,20260511_105223,betano,Cleveland Cavaliers Detroit Pistons,Evan Mobley,evan mobley,cleveland cavaliers detroit pistons,Evan Mobley,1630596,CLE,Cleveland Cavaliers @ Detroit Pistons,cleveland cavaliers detroit pistons,1,1,Rebotes (hitos),8+,REB,over,8,7.5,1.6,8.82841,1.9667,0.750306,0.625000,0.125306,0.200489,20.05,a4e9559e0d50c0512b14e490c70dcdc028e1bbef,a4e9559e0d50c0512b14e490c70dcdc028e1bbef|8.8284|1.9667
2026-05-12T13:07:45+00:00,20260511_105223,betano,Cleveland Cavaliers Detroit Pistons,Jalen Duren,jalen duren,cleveland cavaliers detroit pistons,Jalen Duren,1631105,DET,Cleveland Cavaliers @ Detroit Pistons,cleveland cavaliers detroit pistons,1,1,Rebotes (hitos),9+,REB,over,9,8.5,1.3,11.3046,1.9667,0.923075,0.769231,0.153844,0.199997,20.00,092bdeb443931de4d21af5c419f29515dd5e4198,092bdeb443931de4d21af5c419f29515dd5e4198|11.3046|1.9667
2026-05-12T13:07:45+00:00,20260511_105223,betano,San Antonio Spurs Minnesota Timberwolves,Ayo Dosunmu,ayo dosunmu,san antonio spurs minnesota timberwolves,Ayo Dosunmu,1630245,MIN,San Antonio Spurs @ Minnesota Timberwolves,san antonio spurs minnesota timberwolves,1,1,Puntos (hitos),11+,PTS,over,11,10.5,1.42,15.3944,4.8341,0.844344,0.704225,0.140118,0.198968,19.90,61c1328747e18c4d52d3329387dab9992748c913,61c1328747e18c4d52d3329387dab9992748c913|15.3944|4.8341
2026-05-12T13:07:45+00:00,20260511_105223,betano,Los Angeles Lakers Oklahoma City Thunder,Isaiah Joe,isaiah joe,los angeles lakers oklahoma city thunder,Isaiah Joe,1630198,OKC,Los Angeles Lakers @ Oklahoma City Thunder,los angeles lakers oklahoma city thunder,1,1,Triples (hitos),1+,3PM,over,1,0.5,1.25,2.16274,0.9642,0.957689,0.800000,0.157689,0.197111,19.71,c2a7e2e21ff72b761db3d431598e5f587d5ad76f,c2a7e2e21ff72b761db3d431598e5f587d5ad76f|2.1627|0.9642
2026-05-12T13:07:45+00:00,20260511_105223,betano,Cleveland Cavaliers Detroit Pistons,Max Strus,max strus,cleveland cavaliers detroit pistons,Max Strus,1629622,CLE,Cleveland Cavaliers @ Detroit Pistons,cleveland cavaliers detroit pistons,1,1,RA (hitos),6+,RA,over,6,5.5,1.67,7.04265,2.6976,0.716291,0.598802,0.117489,0.196206,19.62,60c2059e10889f96c142aa678e5748834070f7c7,60c2059e10889f96c142aa678e5748834070f7c7|7.0426|2.6976
2026-05-12T13:07:45+00:00,20260511_105223,betano,Cleveland Cavaliers Detroit Pistons,Max Strus,max strus,cleveland cavaliers detroit pistons,Max Strus,1629622,CLE,Cleveland Cavaliers @ Detroit Pistons,cleveland cavaliers detroit pistons,1,1,PRA (hitos),13+,PRA,over,13,12.5,1.47,18.0189,6.1893,0.813717,0.680272,0.133445,0.196164,19.62,bf8a3a82c5bf3e0686ded174a859275daa436530,bf8a3a82c5bf3e0686ded174a859275daa436530|18.0189|6.1893
2026-05-12T13:07:45+00:00,20260511_105223,betano,San Antonio Spurs Minnesota Timberwolves,Julian Champagnie,julian champagnie,san antonio spurs minnesota timberwolves,Julian Champagnie,1630577,SAS,San Antonio Spurs @ Minnesota Timberwolves,san antonio spurs minnesota timberwolves,1,1,Puntos (hitos),8+,PTS,over,8,7.5,1.55,11.0908,4.8341,0.771203,0.645161,0.126042,0.195365,19.54,d8b020cce8a00558328a2a50b2ec4ed93d7dced4,d8b020cce8a00558328a2a50b2ec4ed93d7dced4|11.0908|4.8341
2026-05-12T13:07:45+00:00,20260511_105223,betano,San Antonio Spurs Minnesota Timberwolves,Luke Kornet,luke kornet,san antonio spurs minnesota timberwolves,Luke Kornet,1628436,SAS,San Antonio Spurs @ Minnesota Timberwolves,san antonio spurs minnesota timberwolves,1,1,Rebotes (hitos),3+,REB,over,3,2.5,1.27,5.57665,1.9667,0.941135,0.787402,0.153733,0.195241,19.52,a1fd41878f0dc57d854789d2fc8936b46c5f24d8,a1fd41878f0dc57d854789d2fc8936b46c5f24d8|5.5766|1.9667
2026-05-12T13:07:45+00:00,20260511_105223,betano,Los Angeles Lakers Oklahoma City Thunder,Jaxson Hayes,jaxson hayes,los angeles lakers oklahoma city thunder,Jaxson Hayes,1629637,LAL,Los Angeles Lakers @ Oklahoma City Thunder,los angeles lakers oklahoma city thunder,1,1,RA (hitos),4+,RA,over,4,3.5,1.57,5.40897,2.6976,0.760420,0.636943,0.123477,0.193859,19.39,7fef0fdb818c69eb392a107c31602dc0f3b5ff8d,7fef0fdb818c69eb392a107c31602dc0f3b5ff8d|5.4090|2.6976
2026-05-12T13:07:45+00:00,20260511_105223,betano,Cleveland Cavaliers Detroit Pistons,Jalen Duren,jalen duren,cleveland cavaliers detroit pistons,Jalen Duren,1631105,DET,Cleveland Cavaliers @ Detroit Pistons,cleveland cavaliers detroit pistons,1,1,Puntos (hitos),14+,PTS,over,14,13.5,1.95,14.8558,4.8341,0.610444,0.512821,0.097623,0.190365,19.04,ebbcd93f332289e235006cde06a81bc4ce46f5fd,ebbcd93f332289e235006cde06a81bc4ce46f5fd|14.8558|4.8341
2026-05-12T13:07:45+00:00,20260511_105223,betano,San Antonio Spurs Minnesota Timberwolves,Rudy Gobert,rudy gobert,san antonio spurs minnesota timberwolves,Rudy Gobert,203497,MIN,San Antonio Spurs @ Minnesota Timberwolves,san antonio spurs minnesota timberwolves,1,1,Rebotes (hitos),9+,REB,over,9,8.5,1.3,11.1979,1.9667,0.914933,0.769231,0.145702,0.189412,18.94,e00c3f97577469285c614743ff9873c9d03757c6,e00c3f97577469285c614743ff9873c9d03757c6|11.1979|1.9667
2026-05-12T13:07:45+00:00,20260511_105223,betano,Los Angeles Lakers Oklahoma City Thunder,Cason Wallace,cason wallace,los angeles lakers oklahoma city thunder,Cason Wallace,1641717,OKC,Los Angeles Lakers @ Oklahoma City Thunder,los angeles lakers oklahoma city thunder,1,1,PRA (hitos),13+,PRA,over,13,12.5,1.98,14.0722,6.1893,0.600259,0.505051,0.095209,0.188514,18.85,7063ebf7a13d155846dbd6405387355648068618,7063ebf7a13d155846dbd6405387355648068618|14.0722|6.1893
2026-05-12T13:07:45+00:00,20260511_105223,betano,San Antonio Spurs Minnesota Timberwolves,Keldon Johnson,keldon johnson,san antonio spurs minnesota timberwolves,Keldon Johnson,1629640,SAS,San Antonio Spurs @ Minnesota Timberwolves,san antonio spurs minnesota timberwolves,1,1,Puntos (hitos),8+,PTS,over,8,7.5,1.67,10.1968,4.8341,0.711534,0.598802,0.112731,0.188262,18.83,3d8c981b96501bf26e5e8518bf53837b49abcfc8,3d8c981b96501bf26e5e8518bf53837b49abcfc8|10.1968|4.8341
2026-05-12T13:07:45+00:00,20260511_105223,betano,Los Angeles Lakers Oklahoma City Thunder,Isaiah Joe,isaiah joe,los angeles lakers oklahoma city thunder,Isaiah Joe,1630198,OKC,Los Angeles Lakers @ Oklahoma City Thunder,los angeles lakers oklahoma city thunder,1,1,RA (hitos),2+,RA,over,2,1.5,1.47,3.84413,2.6976,0.807568,0.680272,0.127296,0.187125,18.71,de5f9395c16002be58422c829c991c5d98502ee0,de5f9395c16002be58422c829c991c5d98502ee0|3.8441|2.6976
2026-05-12T13:07:45+00:00,20260511_105223,betano,Los Angeles Lakers Oklahoma City Thunder,Luguentz Dort,luguentz dort,los angeles lakers oklahoma city thunder,Luguentz Dort,1629652,OKC,Los Angeles Lakers @ Oklahoma City Thunder,los angeles lakers oklahoma city thunder,1,1,Asistencias (hitos),1+,AST,over,1,0.5,1.47,1.76106,1.4546,0.807015,0.680272,0.126743,0.186312,18.63,9816696b07740994268bd907dcb94fab5bbae995,9816696b07740994268bd907dcb94fab5bbae995|1.7611|1.4546
2026-05-12T13:07:45+00:00,20260511_105223,betano,Cleveland Cavaliers Detroit Pistons,Tobias Harris,tobias harris,cleveland cavaliers detroit pistons,Tobias Harris,202699,DET,Cleveland Cavaliers @ Detroit Pistons,cleveland cavaliers detroit pistons,1,1,Asistencias (hitos),2+,AST,over,2,1.5,1.62,2.39513,1.4546,0.730847,0.617284,0.113563,0.183973,18.40,29804168e37f6e5c2e84d84901352c96ac557188,29804168e37f6e5c2e84d84901352c96ac557188|2.3951|1.4546
2026-05-12T13:07:45+00:00,20260511_105223,betano,San Antonio Spurs Minnesota Timberwolves,De'Aaron Fox,de aaron fox,san antonio spurs minnesota timberwolves,De'Aaron Fox,1628368,SAS,San Antonio Spurs @ Minnesota Timberwolves,san antonio spurs minnesota timberwolves,1,1,Triples (hitos),2+,3PM,over,2,1.5,1.75,1.94084,0.9642,0.676241,0.571429,0.104812,0.183422,18.34,de100dbda7b92422ca3c75120c97ef16f73a0517,de100dbda7b92422ca3c75120c97ef16f73a0517|1.9408|0.9642
2026-05-12T13:07:45+00:00,20260511_105223,betano,Cleveland Cavaliers Detroit Pistons,Jalen Duren,jalen duren,cleveland cavaliers detroit pistons,Jalen Duren,1631105,DET,Cleveland Cavaliers @ Detroit Pistons,cleveland cavaliers detroit pistons,1,1,Puntos (hitos),13+,PTS,over,13,12.5,1.72,14.8558,4.8341,0.686991,0.581395,0.105596,0.181625,18.16,252490287754d9653d48fe7fa544042bbe4a6aa2,252490287754d9653d48fe7fa544042bbe4a6aa2|14.8558|4.8341
2026-05-12T13:07:45+00:00,20260511_105223,betano,Cleveland Cavaliers Detroit Pistons,Jaylon Tyson,jaylon tyson,cleveland cavaliers detroit pistons,Jaylon Tyson,1642281,CLE,Cleveland Cavaliers @ Detroit Pistons,cleveland cavaliers detroit pistons,1,1,Triples (hitos),1+,3PM,over,1,0.5,1.47,1.32416,0.9642,0.803659,0.680272,0.123387,0.181379,18.14,708f9578bc5bbe6992eb92ea694ac5c4a3fe1643,708f9578bc5bbe6992eb92ea694ac5c4a3fe1643|1.3242|0.9642
2026-05-12T13:07:45+00:00,20260511_105223,betano,Cleveland Cavaliers Detroit Pistons,Jaylon Tyson,jaylon tyson,cleveland cavaliers detroit pistons,Jaylon Tyson,1642281,CLE,Cleveland Cavaliers @ Detroit Pistons,cleveland cavaliers detroit pistons,1,1,Puntos (hitos),7+,PTS,over,7,6.5,1.78,8.54209,4.8341,0.663646,0.561798,0.101848,0.181290,18.13,d09c6f8ab51011f602039a9207d334c48ab9e5c3,d09c6f8ab51011f602039a9207d334c48ab9e5c3|8.5421|4.8341
2026-05-12T13:07:45+00:00,20260511_105223,betano,Cleveland Cavaliers Detroit Pistons,Evan Mobley,evan mobley,cleveland cavaliers detroit pistons,Evan Mobley,1630596,CLE,Cleveland Cavaliers @ Detroit Pistons,cleveland cavaliers detroit pistons,1,1,RA (hitos),12+,RA,over,12,11.5,1.87,12.4005,2.6976,0.630742,0.534759,0.095983,0.179488,17.95,1f9a6495a19fad66a4f80b476e1bb8b8b001317f,1f9a6495a19fad66a4f80b476e1bb8b8b001317f|12.4005|2.6976
2026-05-12T13:07:45+00:00,20260511_105223,betano,Los Angeles Lakers Oklahoma City Thunder,Isaiah Hartenstein,isaiah hartenstein,los angeles lakers oklahoma city thunder,Isaiah Hartenstein,1628392,OKC,Los Angeles Lakers @ Oklahoma City Thunder,los angeles lakers oklahoma city thunder,1,1,RA (hitos),12+,RA,over,12,11.5,1.87,12.3926,2.6976,0.629632,0.534759,0.094873,0.177412,17.74,89fa1255afacf65f7f17026c829128ceacfbfdd3,89fa1255afacf65f7f17026c829128ceacfbfdd3|12.3926|2.6976
2026-05-12T13:07:45+00:00,20260511_105223,betano,Cleveland Cavaliers Detroit Pistons,Dennis Schroder,dennis schroder,cleveland cavaliers detroit pistons,Dennis Schröder,203471,CLE,Cleveland Cavaliers @ Detroit Pistons,cleveland cavaliers detroit pistons,1,1,PRA (hitos),9+,PRA,over,9,8.5,1.34,15.6861,6.1893,0.877190,0.746269,0.130921,0.175434,17.54,ebdc98fa638bcb1eba27a696e1eca0d7ac99d253,ebdc98fa638bcb1eba27a696e1eca0d7ac99d253|15.6861|6.1893
2026-05-12T13:07:45+00:00,20260511_105223,betano,Cleveland Cavaliers Detroit Pistons,Max Strus,max strus,cleveland cavaliers detroit pistons,Max Strus,1629622,CLE,Cleveland Cavaliers @ Detroit Pistons,cleveland cavaliers detroit pistons,1,1,Puntos (hitos),8+,PTS,over,8,7.5,1.65,10.161,4.8341,0.708996,0.606061,0.102936,0.169844,16.98,355a70ef1db0ce075ee9baa71f1dd172805b8d0e,355a70ef1db0ce075ee9baa71f1dd172805b8d0e|10.1610|4.8341
2026-05-12T13:07:45+00:00,20260511_105223,betano,San Antonio Spurs Minnesota Timberwolves,Julius Randle,julius randle,san antonio spurs minnesota timberwolves,Julius Randle,203944,MIN,San Antonio Spurs @ Minnesota Timberwolves,san antonio spurs minnesota timberwolves,1,1,Rebotes (hitos),7+,REB,over,7,6.5,1.93,7.02769,1.9667,0.605771,0.518135,0.087637,0.169139,16.91,b1e5533ff72cee848e9dc454c629e756bf36eafe,b1e5533ff72cee848e9dc454c629e756bf36eafe|7.0277|1.9667
2026-05-12T13:07:45+00:00,20260511_105223,betano,San Antonio Spurs Minnesota Timberwolves,Rudy Gobert,rudy gobert,san antonio spurs minnesota timberwolves,Rudy Gobert,203497,MIN,San Antonio Spurs @ Minnesota Timberwolves,san antonio spurs minnesota timberwolves,1,1,PRA (hitos),21+,PRA,over,21,20.5,1.75,23.1514,6.1893,0.665812,0.571429,0.094383,0.165171,16.52,d9deaffe8fdec74cb87282920dda6ac8dd5fb51b,d9deaffe8fdec74cb87282920dda6ac8dd5fb51b|23.1514|6.1893
2026-05-12T13:07:45+00:00,20260511_105223,betano,Cleveland Cavaliers Detroit Pistons,Duncan Robinson,duncan robinson,cleveland cavaliers detroit pistons,Duncan Robinson,1629130,DET,Cleveland Cavaliers @ Detroit Pistons,cleveland cavaliers detroit pistons,1,1,RA (hitos),5+,RA,over,5,4.5,1.83,5.44227,2.6976,0.636568,0.546448,0.090120,0.164920,16.49,93b0d80f9ab2bba41f237e9e5eac969e9d5ddb3e,93b0d80f9ab2bba41f237e9e5eac969e9d5ddb3e|5.4423|2.6976
2026-05-12T13:07:45+00:00,20260511_105223,betano,Cleveland Cavaliers Detroit Pistons,Jaylon Tyson,jaylon tyson,cleveland cavaliers detroit pistons,Jaylon Tyson,1642281,CLE,Cleveland Cavaliers @ Detroit Pistons,cleveland cavaliers detroit pistons,1,1,RA (hitos),4+,RA,over,4,3.5,1.44,5.85557,2.6976,0.808726,0.694444,0.114281,0.164565,16.46,3f65fdee12840195b61f0d1e0f39a58bb4df5885,3f65fdee12840195b61f0d1e0f39a58bb4df5885|5.8556|2.6976
2026-05-12T13:07:45+00:00,20260511_105223,betano,Cleveland Cavaliers Detroit Pistons,Max Strus,max strus,cleveland cavaliers detroit pistons,Max Strus,1629622,CLE,Cleveland Cavaliers @ Detroit Pistons,cleveland cavaliers detroit pistons,1,1,Rebotes (hitos),4+,REB,over,4,3.5,1.57,4.76408,1.9667,0.739804,0.636943,0.102862,0.161493,16.15,cfaca48393f569508dbf1bcbcef59b1d40c8eaa9,cfaca48393f569508dbf1bcbcef59b1d40c8eaa9|4.7641|1.9667
2026-05-12T13:07:45+00:00,20260511_105223,betano,Cleveland Cavaliers Detroit Pistons,James Harden,james harden,cleveland cavaliers detroit pistons,James Harden,201935,CLE,Cleveland Cavaliers @ Detroit Pistons,cleveland cavaliers detroit pistons,1,1,Asistencias (hitos),6+,AST,over,6,5.5,1.37,6.99318,1.4546,0.847678,0.729927,0.117750,0.161318,16.13,71bcfabb7db4f64c79e8c6f0d6244f0fbce50be4,71bcfabb7db4f64c79e8c6f0d6244f0fbce50be4|6.9932|1.4546
2026-05-12T13:07:45+00:00,20260511_105223,betano,Cleveland Cavaliers Detroit Pistons,Donovan Mitchell,donovan mitchell,cleveland cavaliers detroit pistons,Donovan Mitchell,1628378,CLE,Cleveland Cavaliers @ Detroit Pistons,cleveland cavaliers detroit pistons,1,1,Rebotes (hitos),4+,REB,over,4,3.5,1.52,4.91276,1.9667,0.763727,0.657895,0.105832,0.160864,16.09,99ea5cb7f54c6b341ce0e8ec95d6b23c96addc72,99ea5cb7f54c6b341ce0e8ec95d6b23c96addc72|4.9128|1.9667
2026-05-12T13:07:45+00:00,20260511_105223,betano,San Antonio Spurs Minnesota Timberwolves,Keldon Johnson,keldon johnson,san antonio spurs minnesota timberwolves,Keldon Johnson,1629640,SAS,San Antonio Spurs @ Minnesota Timberwolves,san antonio spurs minnesota timberwolves,1,1,Rebotes (hitos),3+,REB,over,3,2.5,1.33,4.73756,1.9667,0.872382,0.751880,0.120503,0.160269,16.03,11a69641095c6cac086fb9e3e6cd7e3ba848b99f,11a69641095c6cac086fb9e3e6cd7e3ba848b99f|4.7376|1.9667
2026-05-12T13:07:45+00:00,20260511_105223,betano,Cleveland Cavaliers Detroit Pistons,Evan Mobley,evan mobley,cleveland cavaliers detroit pistons,Evan Mobley,1630596,CLE,Cleveland Cavaliers @ Detroit Pistons,cleveland cavaliers detroit pistons,1,1,PRA (hitos),28+,PRA,over,28,27.5,1.85,29.4897,6.1893,0.626074,0.540541,0.085534,0.158238,15.82,89aac9cc9d6232904c0e6ff5ee156d41f23feb4e,89aac9cc9d6232904c0e6ff5ee156d41f23feb4e|29.4897|6.1893
2026-05-12T13:07:45+00:00,20260511_105223,betano,Los Angeles Lakers Oklahoma City Thunder,Isaiah Hartenstein,isaiah hartenstein,los angeles lakers oklahoma city thunder,Isaiah Hartenstein,1628392,OKC,Los Angeles Lakers @ Oklahoma City Thunder,los angeles lakers oklahoma city thunder,1,1,RA (hitos),11+,RA,over,11,10.5,1.52,12.3926,2.6976,0.758529,0.657895,0.100634,0.152964,15.30,65bee3a014ad5a8ca28efcadea95164f6b29bcca,65bee3a014ad5a8ca28efcadea95164f6b29bcca|12.3926|2.6976
2026-05-12T13:07:45+00:00,20260511_105223,betano,Cleveland Cavaliers Detroit Pistons,Evan Mobley,evan mobley,cleveland cavaliers detroit pistons,Evan Mobley,1630596,CLE,Cleveland Cavaliers @ Detroit Pistons,cleveland cavaliers detroit pistons,1,1,Asistencias (hitos),3+,AST,over,3,2.5,1.44,3.72495,1.4546,0.800140,0.694444,0.105696,0.152202,15.22,db9526fd106b8988cf5460fa83a615841a65fc90,db9526fd106b8988cf5460fa83a615841a65fc90|3.7250|1.4546
2026-05-12T13:07:45+00:00,20260511_105223,betano,Los Angeles Lakers Oklahoma City Thunder,Alex Caruso,alex caruso,los angeles lakers oklahoma city thunder,Alex Caruso,1627936,OKC,Los Angeles Lakers @ Oklahoma City Thunder,los angeles lakers oklahoma city thunder,1,1,Puntos (hitos),6+,PTS,over,6,5.5,1.6,8.31662,4.8341,0.719937,0.625000,0.094937,0.151900,15.19,a383a7d1997d90cf4563a8cc0d4ad41a67214b5a,a383a7d1997d90cf4563a8cc0d4ad41a67214b5a|8.3166|4.8341
2026-05-12T13:07:45+00:00,20260511_105223,betano,Los Angeles Lakers Oklahoma City Thunder,Deandre Ayton,deandre ayton,los angeles lakers oklahoma city thunder,Deandre Ayton,1629028,LAL,Los Angeles Lakers @ Oklahoma City Thunder,los angeles lakers oklahoma city thunder,1,1,Asistencias (hitos),1+,AST,over,1,0.5,1.75,1.08681,1.4546,0.656679,0.571429,0.085250,0.149188,14.92,d55a6d00161f45ff47bcdbca7b815233f22dd5b1,d55a6d00161f45ff47bcdbca7b815233f22dd5b1|1.0868|1.4546
2026-05-12T13:07:45+00:00,20260511_105223,betano,San Antonio Spurs Minnesota Timberwolves,Julius Randle,julius randle,san antonio spurs minnesota timberwolves,Julius Randle,203944,MIN,San Antonio Spurs @ Minnesota Timberwolves,san antonio spurs minnesota timberwolves,1,1,Rebotes (hitos),6+,REB,over,6,5.5,1.47,7.02769,1.9667,0.781356,0.680272,0.101084,0.148593,14.86,6860a521e94208996ded5ffbc707fc428c3030aa,6860a521e94208996ded5ffbc707fc428c3030aa|7.0277|1.9667
2026-05-12T13:07:45+00:00,20260511_105223,betano,Cleveland Cavaliers Detroit Pistons,Evan Mobley,evan mobley,cleveland cavaliers detroit pistons,Evan Mobley,1630596,CLE,Cleveland Cavaliers @ Detroit Pistons,cleveland cavaliers detroit pistons,1,1,PRA (hitos),27+,PRA,over,27,26.5,1.67,29.4897,6.1893,0.685467,0.598802,0.086665,0.144731,14.47,4b5554db2c7ddd9bc4f98893a781fb999d24aff0,4b5554db2c7ddd9bc4f98893a781fb999d24aff0|29.4897|6.1893
2026-05-12T13:07:45+00:00,20260511_105223,betano,Cleveland Cavaliers Detroit Pistons,Max Strus,max strus,cleveland cavaliers detroit pistons,Max Strus,1629622,CLE,Cleveland Cavaliers @ Detroit Pistons,cleveland cavaliers detroit pistons,1,1,Puntos (hitos),7+,PTS,over,7,6.5,1.47,10.161,4.8341,0.775571,0.680272,0.095299,0.140089,14.01,c2cf267a528a6744bf64195587f9a34f7b1b2842,c2cf267a528a6744bf64195587f9a34f7b1b2842|10.1610|4.8341
2026-05-12T13:07:45+00:00,20260511_105223,betano,Cleveland Cavaliers Detroit Pistons,Ausar Thompson,ausar thompson,cleveland cavaliers detroit pistons,Ausar Thompson,1641709,DET,Cleveland Cavaliers @ Detroit Pistons,cleveland cavaliers detroit pistons,1,1,Puntos (hitos),9+,PTS,over,9,8.5,1.85,9.92915,4.8341,0.616247,0.540541,0.075707,0.140058,14.01,5db33abee62ce567820bfb4d8b1ee3907ef87683,5db33abee62ce567820bfb4d8b1ee3907ef87683|9.9292|4.8341
2026-05-12T13:07:45+00:00,20260511_105223,betano,Cleveland Cavaliers Detroit Pistons,Duncan Robinson,duncan robinson,cleveland cavaliers detroit pistons,Duncan Robinson,1629130,DET,Cleveland Cavaliers @ Detroit Pistons,cleveland cavaliers detroit pistons,1,1,PRA (hitos),15+,PRA,over,15,14.5,1.55,18.3424,6.1893,0.732639,0.645161,0.087477,0.135590,13.56,42f9dc182ce652d2b8665c7b361886ba12f9c292,42f9dc182ce652d2b8665c7b361886ba12f9c292|18.3424|6.1893
2026-05-12T13:07:45+00:00,20260511_105223,betano,San Antonio Spurs Minnesota Timberwolves,Dylan Harper,dylan harper,san antonio spurs minnesota timberwolves,Dylan Harper,1642844,SAS,San Antonio Spurs @ Minnesota Timberwolves,san antonio spurs minnesota timberwolves,1,1,Puntos (hitos),9+,PTS,over,9,8.5,1.44,12.3665,4.8341,0.788099,0.694444,0.093655,0.134863,13.49,9adf01cefd393ddaa7d60a535a643de3183b1571,9adf01cefd393ddaa7d60a535a643de3183b1571|12.3665|4.8341
2026-05-12T13:07:45+00:00,20260511_105223,betano,Cleveland Cavaliers Detroit Pistons,Jalen Duren,jalen duren,cleveland cavaliers detroit pistons,Jalen Duren,1631105,DET,Cleveland Cavaliers @ Detroit Pistons,cleveland cavaliers detroit pistons,1,1,Puntos (hitos),12+,PTS,over,12,11.5,1.5,14.8558,4.8341,0.756223,0.666667,0.089556,0.134334,13.43,3366716d336b8c852ca426f6592d5b8b742d6277,3366716d336b8c852ca426f6592d5b8b742d6277|14.8558|4.8341
2026-05-12T13:07:45+00:00,20260511_105223,betano,Los Angeles Lakers Oklahoma City Thunder,Jaxson Hayes,jaxson hayes,los angeles lakers oklahoma city thunder,Jaxson Hayes,1629637,LAL,Los Angeles Lakers @ Oklahoma City Thunder,los angeles lakers oklahoma city thunder,1,1,Rebotes (hitos),3+,REB,over,3,2.5,1.38,4.31316,1.9667,0.821718,0.724638,0.097080,0.133970,13.40,a7e01b48116c580691355153d9fc709dee1a2d0b,a7e01b48116c580691355153d9fc709dee1a2d0b|4.3132|1.9667
2026-05-12T13:07:45+00:00,20260511_105223,betano,San Antonio Spurs Minnesota Timberwolves,Devin Vassell,devin vassell,san antonio spurs minnesota timberwolves,Devin Vassell,1630170,SAS,San Antonio Spurs @ Minnesota Timberwolves,san antonio spurs minnesota timberwolves,1,1,Puntos (hitos),13+,PTS,over,13,12.5,1.88,13.7633,4.8341,0.603084,0.531915,0.071169,0.133798,13.38,68a43b70af48a7ea373eba69ad881f059b2bd80b,68a43b70af48a7ea373eba69ad881f059b2bd80b|13.7633|4.8341
2026-05-12T13:07:45+00:00,20260511_105223,betano,Cleveland Cavaliers Detroit Pistons,Max Strus,max strus,cleveland cavaliers detroit pistons,Max Strus,1629622,CLE,Cleveland Cavaliers @ Detroit Pistons,cleveland cavaliers detroit pistons,1,1,Asistencias (hitos),2+,AST,over,2,1.5,1.65,2.20953,1.4546,0.687149,0.606061,0.081088,0.133795,13.38,434c17b5bdb5d85dae32157bc43d36a1b5428b28,434c17b5bdb5d85dae32157bc43d36a1b5428b28|2.2095|1.4546
2026-05-12T13:07:45+00:00,20260511_105223,betano,Los Angeles Lakers Oklahoma City Thunder,Isaiah Hartenstein,isaiah hartenstein,los angeles lakers oklahoma city thunder,Isaiah Hartenstein,1628392,OKC,Los Angeles Lakers @ Oklahoma City Thunder,los angeles lakers oklahoma city thunder,1,1,PRA (hitos),19+,PRA,over,19,18.5,1.5,22.7856,6.1893,0.755665,0.666667,0.088998,0.133497,13.35,49f8c6c2e595419b72300329a106cdbca7c3cc93,49f8c6c2e595419b72300329a106cdbca7c3cc93|22.7856|6.1893
2026-05-12T13:07:45+00:00,20260511_105223,betano,San Antonio Spurs Minnesota Timberwolves,Devin Vassell,devin vassell,san antonio spurs minnesota timberwolves,Devin Vassell,1630170,SAS,San Antonio Spurs @ Minnesota Timberwolves,san antonio spurs minnesota timberwolves,1,1,Triples (hitos),2+,3PM,over,2,1.5,1.45,2.24985,0.9642,0.781623,0.689655,0.091968,0.133354,13.34,fb02e8379d8056845a350d448c8a51d300dff1e7,fb02e8379d8056845a350d448c8a51d300dff1e7|2.2498|0.9642
2026-05-12T13:07:45+00:00,20260511_105223,betano,San Antonio Spurs Minnesota Timberwolves,De'Aaron Fox,de aaron fox,san antonio spurs minnesota timberwolves,De'Aaron Fox,1628368,SAS,San Antonio Spurs @ Minnesota Timberwolves,san antonio spurs minnesota timberwolves,1,1,Puntos (hitos),18+,PTS,over,18,17.5,1.8,19.0949,4.8341,0.629276,0.555556,0.073720,0.132696,13.27,75cf94bd7224088e7d0b3e17cbe6b0f0cae63081,75cf94bd7224088e7d0b3e17cbe6b0f0cae63081|19.0949|4.8341
2026-05-12T13:07:45+00:00,20260511_105223,betano,Cleveland Cavaliers Detroit Pistons,Donovan Mitchell,donovan mitchell,cleveland cavaliers detroit pistons,Donovan Mitchell,1628378,CLE,Cleveland Cavaliers @ Detroit Pistons,cleveland cavaliers detroit pistons,1,1,RA (hitos),8+,RA,over,8,7.5,1.55,9.14779,2.6976,0.729346,0.645161,0.084185,0.130487,13.05,08952f38aa80888704fadd163fbef230cf198bd2,08952f38aa80888704fadd163fbef230cf198bd2|9.1478|2.6976
2026-05-12T13:07:45+00:00,20260511_105223,betano,Cleveland Cavaliers Detroit Pistons,Duncan Robinson,duncan robinson,cleveland cavaliers detroit pistons,Duncan Robinson,1629130,DET,Cleveland Cavaliers @ Detroit Pistons,cleveland cavaliers detroit pistons,1,1,Puntos (hitos),10+,PTS,over,10,9.5,1.52,12.6589,4.8341,0.743270,0.657895,0.085375,0.129770,12.98,9488bac61e7bc1f739404f7eb80ef9fb605cc4d4,9488bac61e7bc1f739404f7eb80ef9fb605cc4d4|12.6589|4.8341
2026-05-12T13:07:45+00:00,20260511_105223,betano,Los Angeles Lakers Oklahoma City Thunder,Luguentz Dort,luguentz dort,los angeles lakers oklahoma city thunder,Luguentz Dort,1629652,OKC,Los Angeles Lakers @ Oklahoma City Thunder,los angeles lakers oklahoma city thunder,1,1,Rebotes (hitos),3+,REB,over,3,2.5,1.78,3.17699,1.9667,0.634662,0.561798,0.072864,0.129699,12.97,4b3e5b75303566165f39466c7f2ea4e499cccdd6,4b3e5b75303566165f39466c7f2ea4e499cccdd6|3.1770|1.9667
2026-05-12T13:07:45+00:00,20260511_105223,betano,San Antonio Spurs Minnesota Timberwolves,Naz Reid,naz reid,san antonio spurs minnesota timberwolves,Naz Reid,1629675,MIN,San Antonio Spurs @ Minnesota Timberwolves,san antonio spurs minnesota timberwolves,1,1,Rebotes (hitos),7+,REB,over,7,6.5,1.83,7.08696,1.9667,0.617319,0.546448,0.070871,0.129694,12.97,5fef3921410e5cba2edad182ae9768b4ad6a9401,5fef3921410e5cba2edad182ae9768b4ad6a9401|7.0870|1.9667
2026-05-12T13:07:45+00:00,20260511_105223,betano,Los Angeles Lakers Oklahoma City Thunder,Luguentz Dort,luguentz dort,los angeles lakers oklahoma city thunder,Luguentz Dort,1629652,OKC,Los Angeles Lakers @ Oklahoma City Thunder,los angeles lakers oklahoma city thunder,1,1,Puntos (hitos),7+,PTS,over,7,6.5,1.83,7.92873,4.8341,0.616214,0.546448,0.069766,0.127671,12.77,743e8c2dc9368ce86dea3f106f365a570b3e2192,743e8c2dc9368ce86dea3f106f365a570b3e2192|7.9287|4.8341
2026-05-12T13:07:45+00:00,20260511_105223,betano,Cleveland Cavaliers Detroit Pistons,Evan Mobley,evan mobley,cleveland cavaliers detroit pistons,Evan Mobley,1630596,CLE,Cleveland Cavaliers @ Detroit Pistons,cleveland cavaliers detroit pistons,1,1,PRA (hitos),26+,PRA,over,26,25.5,1.52,29.4897,6.1893,0.740411,0.657895,0.082516,0.125424,12.54,c3a82960e5884804a6929a4cf2e9287903c838da,c3a82960e5884804a6929a4cf2e9287903c838da|29.4897|6.1893
2026-05-12T13:07:45+00:00,20260511_105223,betano,Los Angeles Lakers Oklahoma City Thunder,Deandre Ayton,deandre ayton,los angeles lakers oklahoma city thunder,Deandre Ayton,1629028,LAL,Los Angeles Lakers @ Oklahoma City Thunder,los angeles lakers oklahoma city thunder,1,1,PRA (hitos),19+,PRA,over,19,18.5,1.7,21.0556,6.1893,0.660163,0.588235,0.071928,0.122278,12.23,34c744d4a15818a86d1f6ad74b800d4be1a1d58c,34c744d4a15818a86d1f6ad74b800d4be1a1d58c|21.0556|6.1893
2026-05-12T13:07:45+00:00,20260511_105223,betano,Los Angeles Lakers Oklahoma City Thunder,Deandre Ayton,deandre ayton,los angeles lakers oklahoma city thunder,Deandre Ayton,1629028,LAL,Los Angeles Lakers @ Oklahoma City Thunder,los angeles lakers oklahoma city thunder,1,1,Puntos (hitos),9+,PTS,over,9,8.5,1.55,11.3742,4.8341,0.723930,0.645161,0.078769,0.122092,12.21,96f259020383799bbe9398ff8afd5a823ac44e36,96f259020383799bbe9398ff8afd5a823ac44e36|11.3742|4.8341
2026-05-12T13:07:45+00:00,20260511_105223,betano,San Antonio Spurs Minnesota Timberwolves,Naz Reid,naz reid,san antonio spurs minnesota timberwolves,Naz Reid,1629675,MIN,San Antonio Spurs @ Minnesota Timberwolves,san antonio spurs minnesota timberwolves,1,1,Rebotes (hitos),6+,REB,over,6,5.5,1.42,7.08696,1.9667,0.790142,0.704225,0.085916,0.122001,12.20,dc5b2c27662ba9826439107703647b746a3e230f,dc5b2c27662ba9826439107703647b746a3e230f|7.0870|1.9667
2026-05-12T13:07:45+00:00,20260511_105223,betano,San Antonio Spurs Minnesota Timberwolves,De'Aaron Fox,de aaron fox,san antonio spurs minnesota timberwolves,De'Aaron Fox,1628368,SAS,San Antonio Spurs @ Minnesota Timberwolves,san antonio spurs minnesota timberwolves,1,1,PRA (hitos),27+,PRA,over,27,26.5,1.78,28.5494,6.1893,0.629723,0.561798,0.067925,0.120906,12.09,099ef13ede5a49b0ea3e2166ed28c348862ad0c4,099ef13ede5a49b0ea3e2166ed28c348862ad0c4|28.5494|6.1893
2026-05-12T13:07:45+00:00,20260511_105223,betano,Los Angeles Lakers Oklahoma City Thunder,Deandre Ayton,deandre ayton,los angeles lakers oklahoma city thunder,Deandre Ayton,1629028,LAL,Los Angeles Lakers @ Oklahoma City Thunder,los angeles lakers oklahoma city thunder,1,1,Puntos (hitos),10+,PTS,over,10,9.5,1.72,11.3742,4.8341,0.650879,0.581395,0.069483,0.119511,11.95,3f6cb93e35ccd0a4108bdf8903f31a7e823b9cc3,3f6cb93e35ccd0a4108bdf8903f31a7e823b9cc3|11.3742|4.8341
2026-05-12T13:07:45+00:00,20260511_105223,betano,Cleveland Cavaliers Detroit Pistons,Donovan Mitchell,donovan mitchell,cleveland cavaliers detroit pistons,Donovan Mitchell,1628378,CLE,Cleveland Cavaliers @ Detroit Pistons,cleveland cavaliers detroit pistons,1,1,Asistencias (hitos),4+,AST,over,4,3.5,1.6,4.26133,1.4546,0.699650,0.625000,0.074650,0.119440,11.94,54a1c161ade383277ef1c30133be1ba1b46e3dd9,54a1c161ade383277ef1c30133be1ba1b46e3dd9|4.2613|1.4546
2026-05-12T13:07:45+00:00,20260511_105223,betano,San Antonio Spurs Minnesota Timberwolves,Julius Randle,julius randle,san antonio spurs minnesota timberwolves,Julius Randle,203944,MIN,San Antonio Spurs @ Minnesota Timberwolves,san antonio spurs minnesota timberwolves,1,1,Triples (hitos),1+,3PM,over,1,0.5,1.33,1.46439,0.9642,0.841392,0.751880,0.089513,0.119052,11.91,d3ee7480c5a298bbee4ee1c4930fc0dbe4aae36b,d3ee7480c5a298bbee4ee1c4930fc0dbe4aae36b|1.4644|0.9642
2026-05-12T13:07:45+00:00,20260511_105223,betano,San Antonio Spurs Minnesota Timberwolves,De'Aaron Fox,de aaron fox,san antonio spurs minnesota timberwolves,De'Aaron Fox,1628368,SAS,San Antonio Spurs @ Minnesota Timberwolves,san antonio spurs minnesota timberwolves,1,1,Puntos (hitos),16+,PTS,over,16,15.5,1.45,19.0949,4.8341,0.771460,0.689655,0.081805,0.118617,11.86,51a037f737df9e84f3d96ec861f0cae0817d912c,51a037f737df9e84f3d96ec861f0cae0817d912c|19.0949|4.8341
2026-05-12T13:07:45+00:00,20260511_105223,betano,Cleveland Cavaliers Detroit Pistons,Jaylon Tyson,jaylon tyson,cleveland cavaliers detroit pistons,Jaylon Tyson,1642281,CLE,Cleveland Cavaliers @ Detroit Pistons,cleveland cavaliers detroit pistons,1,1,Puntos (hitos),6+,PTS,over,6,5.5,1.52,8.54209,4.8341,0.735423,0.657895,0.077528,0.117843,11.78,3ac44d5c9bbf10161500ec179f1d1d1b23a66f26,3ac44d5c9bbf10161500ec179f1d1d1b23a66f26|8.5421|4.8341
2026-05-12T13:07:45+00:00,20260511_105223,betano,Los Angeles Lakers Oklahoma City Thunder,Alex Caruso,alex caruso,los angeles lakers oklahoma city thunder,Alex Caruso,1627936,OKC,Los Angeles Lakers @ Oklahoma City Thunder,los angeles lakers oklahoma city thunder,1,1,Triples (hitos),1+,3PM,over,1,0.5,1.34,1.43314,0.9642,0.833425,0.746269,0.087157,0.116790,11.68,246a70fd2e3f05aff9fe261c1d2f5503bcffa1f3,246a70fd2e3f05aff9fe261c1d2f5503bcffa1f3|1.4331|0.9642
2026-05-12T13:07:45+00:00,20260511_105223,betano,Cleveland Cavaliers Detroit Pistons,Daniss Jenkins,daniss jenkins,cleveland cavaliers detroit pistons,Daniss Jenkins,1642450,DET,Cleveland Cavaliers @ Detroit Pistons,cleveland cavaliers detroit pistons,1,1,Asistencias (hitos),3+,AST,over,3,2.5,1.47,3.51991,1.4546,0.758400,0.680272,0.078128,0.114848,11.48,53c583c2cd5a56a4b21431b81ce20da3c3fefffe,53c583c2cd5a56a4b21431b81ce20da3c3fefffe|3.5199|1.4546
2026-05-12T13:07:45+00:00,20260511_105223,betano,Cleveland Cavaliers Detroit Pistons,Duncan Robinson,duncan robinson,cleveland cavaliers detroit pistons,Duncan Robinson,1629130,DET,Cleveland Cavaliers @ Detroit Pistons,cleveland cavaliers detroit pistons,1,1,Rebotes (hitos),2+,REB,over,2,1.5,1.28,3.70843,1.9667,0.869262,0.781250,0.088012,0.112656,11.27,d5efc61c3f78abe22a49b2a8027e4f9c7a87d1f0,d5efc61c3f78abe22a49b2a8027e4f9c7a87d1f0|3.7084|1.9667
2026-05-12T13:07:45+00:00,20260511_105223,betano,Los Angeles Lakers Oklahoma City Thunder,Jaxson Hayes,jaxson hayes,los angeles lakers oklahoma city thunder,Jaxson Hayes,1629637,LAL,Los Angeles Lakers @ Oklahoma City Thunder,los angeles lakers oklahoma city thunder,1,1,PRA (hitos),8+,PRA,over,8,7.5,1.5,11.5076,6.1893,0.741345,0.666667,0.074678,0.112018,11.20,deb7b41dc3284e4d4b68da8c00a9ecb58ef51c80,deb7b41dc3284e4d4b68da8c00a9ecb58ef51c80|11.5076|6.1893
2026-05-12T13:07:45+00:00,20260511_105223,betano,San Antonio Spurs Minnesota Timberwolves,Stephon Castle,stephon castle,san antonio spurs minnesota timberwolves,Stephon Castle,1642264,SAS,San Antonio Spurs @ Minnesota Timberwolves,san antonio spurs minnesota timberwolves,1,1,Triples (hitos),1+,3PM,over,1,0.5,1.33,1.44115,0.9642,0.835490,0.751880,0.083610,0.111202,11.12,9140e186cbb7571829010f90fd9df0e5a502793b,9140e186cbb7571829010f90fd9df0e5a502793b|1.4411|0.9642
2026-05-12T13:07:45+00:00,20260511_105223,betano,Los Angeles Lakers Oklahoma City Thunder,Jaylin Williams,jaylin williams,los angeles lakers oklahoma city thunder,Jaylin Williams,1631119,OKC,Los Angeles Lakers @ Oklahoma City Thunder,los angeles lakers oklahoma city thunder,1,1,Triples (hitos),1+,3PM,over,1,0.5,1.42,1.25031,0.9642,0.781765,0.704225,0.077540,0.110106,11.01,7d8c22596ebd2898d509ac05db9185bf8ab4662f,7d8c22596ebd2898d509ac05db9185bf8ab4662f|1.2503|0.9642
2026-05-12T13:07:45+00:00,20260511_105223,betano,Cleveland Cavaliers Detroit Pistons,Evan Mobley,evan mobley,cleveland cavaliers detroit pistons,Evan Mobley,1630596,CLE,Cleveland Cavaliers @ Detroit Pistons,cleveland cavaliers detroit pistons,1,1,RA (hitos),10+,RA,over,10,9.5,1.29,12.4005,2.6976,0.858862,0.775194,0.083668,0.107932,10.79,5b55998c0d8b6f4bdd0edb1305411acc1871da49,5b55998c0d8b6f4bdd0edb1305411acc1871da49|12.4005|2.6976
2026-05-12T13:07:45+00:00,20260511_105223,betano,Cleveland Cavaliers Detroit Pistons,James Harden,james harden,cleveland cavaliers detroit pistons,James Harden,201935,CLE,Cleveland Cavaliers @ Detroit Pistons,cleveland cavaliers detroit pistons,1,1,Asistencias (hitos),7+,AST,over,7,6.5,1.75,6.99318,1.4546,0.632714,0.571429,0.061285,0.107249,10.72,966cef651e48c96ece3fe82ebcc2c4dab395c72c,966cef651e48c96ece3fe82ebcc2c4dab395c72c|6.9932|1.4546
2026-05-12T13:07:45+00:00,20260511_105223,betano,Cleveland Cavaliers Detroit Pistons,Daniss Jenkins,daniss jenkins,cleveland cavaliers detroit pistons,Daniss Jenkins,1642450,DET,Cleveland Cavaliers @ Detroit Pistons,cleveland cavaliers detroit pistons,1,1,Triples (hitos),1+,3PM,over,1,0.5,1.44,1.20881,0.9642,0.768870,0.694444,0.074425,0.107173,10.72,cbc2e8cfd12fbfeb1c43a74044414186c587bbfa,cbc2e8cfd12fbfeb1c43a74044414186c587bbfa|1.2088|0.9642
2026-05-12T13:07:45+00:00,20260511_105223,betano,Los Angeles Lakers Oklahoma City Thunder,Isaiah Hartenstein,isaiah hartenstein,los angeles lakers oklahoma city thunder,Isaiah Hartenstein,1628392,OKC,Los Angeles Lakers @ Oklahoma City Thunder,los angeles lakers oklahoma city thunder,1,1,RA (hitos),10+,RA,over,10,9.5,1.29,12.3926,2.6976,0.858202,0.775194,0.083009,0.107081,10.71,24e9dca941161824c70eb50cfba3cc8e4b322d8b,24e9dca941161824c70eb50cfba3cc8e4b322d8b|12.3926|2.6976
2026-05-12T13:07:45+00:00,20260511_105223,betano,Cleveland Cavaliers Detroit Pistons,Dean Wade,dean wade,cleveland cavaliers detroit pistons,Dean Wade,1629731,CLE,Cleveland Cavaliers @ Detroit Pistons,cleveland cavaliers detroit pistons,1,1,Triples (hitos),1+,3PM,over,1,0.5,1.44,1.20714,0.9642,0.768341,0.694444,0.073896,0.106411,10.64,74b0b1f15a721233ee4eafd3e3c41aa39b9e41b1,74b0b1f15a721233ee4eafd3e3c41aa39b9e41b1|1.2071|0.9642
2026-05-12T13:07:45+00:00,20260511_105223,betano,San Antonio Spurs Minnesota Timberwolves,Julian Champagnie,julian champagnie,san antonio spurs minnesota timberwolves,Julian Champagnie,1630577,SAS,San Antonio Spurs @ Minnesota Timberwolves,san antonio spurs minnesota timberwolves,1,1,Rebotes (hitos),5+,REB,over,5,4.5,1.55,5.608,1.9667,0.713412,0.645161,0.068251,0.105788,10.58,b08b5c955380c8abf2e4ed5b1cdaa7fcf5e62076,b08b5c955380c8abf2e4ed5b1cdaa7fcf5e62076|5.6080|1.9667
2026-05-12T13:07:45+00:00,20260511_105223,betano,San Antonio Spurs Minnesota Timberwolves,Rudy Gobert,rudy gobert,san antonio spurs minnesota timberwolves,Rudy Gobert,203497,MIN,San Antonio Spurs @ Minnesota Timberwolves,san antonio spurs minnesota timberwolves,1,1,PRA (hitos),20+,PRA,over,20,19.5,1.53,23.1514,6.1893,0.722387,0.653595,0.068792,0.105252,10.53,64aa2388ac8b6a2c23a573c4bbad5928c0c55ccb,64aa2388ac8b6a2c23a573c4bbad5928c0c55ccb|23.1514|6.1893
2026-05-12T13:07:45+00:00,20260511_105223,betano,Cleveland Cavaliers Detroit Pistons,Duncan Robinson,duncan robinson,cleveland cavaliers detroit pistons,Duncan Robinson,1629130,DET,Cleveland Cavaliers @ Detroit Pistons,cleveland cavaliers detroit pistons,1,1,Asistencias (hitos),2+,AST,over,2,1.5,1.52,2.37497,1.4546,0.726254,0.657895,0.068359,0.103906,10.39,6903b673e09e21f158d9a0da227ab1542503ff34,6903b673e09e21f158d9a0da227ab1542503ff34|2.3750|1.4546
2026-05-12T13:07:45+00:00,20260511_105223,betano,Los Angeles Lakers Oklahoma City Thunder,Alex Caruso,alex caruso,los angeles lakers oklahoma city thunder,Alex Caruso,1627936,OKC,Los Angeles Lakers @ Oklahoma City Thunder,los angeles lakers oklahoma city thunder,1,1,PRA (hitos),12+,PRA,over,12,11.5,1.8,13.2769,6.1893,0.612979,0.555556,0.057423,0.103362,10.34,87b4c7a5f52115486a41bd6e550b947a54c7c153,87b4c7a5f52115486a41bd6e550b947a54c7c153|13.2769|6.1893
2026-05-12T13:07:45+00:00,20260511_105223,betano,San Antonio Spurs Minnesota Timberwolves,Devin Vassell,devin vassell,san antonio spurs minnesota timberwolves,Devin Vassell,1630170,SAS,San Antonio Spurs @ Minnesota Timberwolves,san antonio spurs minnesota timberwolves,1,1,Puntos (hitos),11+,PTS,over,11,10.5,1.47,13.7633,4.8341,0.750183,0.680272,0.069911,0.102769,10.28,42394f80d4267aa7523b8c14dc807f9f926813ea,42394f80d4267aa7523b8c14dc807f9f926813ea|13.7633|4.8341
2026-05-12T13:07:45+00:00,20260511_105223,betano,San Antonio Spurs Minnesota Timberwolves,De'Aaron Fox,de aaron fox,san antonio spurs minnesota timberwolves,De'Aaron Fox,1628368,SAS,San Antonio Spurs @ Minnesota Timberwolves,san antonio spurs minnesota timberwolves,1,1,PRA (hitos),26+,PRA,over,26,25.5,1.6,28.5494,6.1893,0.688883,0.625000,0.063883,0.102213,10.22,b82430932c3b174cb30d9686fb269e372af0162e,b82430932c3b174cb30d9686fb269e372af0162e|28.5494|6.1893
2026-05-12T13:07:45+00:00,20260511_105223,betano,Cleveland Cavaliers Detroit Pistons,Jalen Duren,jalen duren,cleveland cavaliers detroit pistons,Jalen Duren,1631105,DET,Cleveland Cavaliers @ Detroit Pistons,cleveland cavaliers detroit pistons,1,1,Puntos (hitos),11+,PTS,over,11,10.5,1.35,14.8558,4.8341,0.816224,0.740741,0.075483,0.101902,10.19,69c66bed9d87340ef88df40b1e200755a6ebb0f8,69c66bed9d87340ef88df40b1e200755a6ebb0f8|14.8558|4.8341
