player_id,first_name,last_name,full_name,is_active,team_id,team_abbr,jersey,position,height,weight,birth_date,experience,school,country,draft_year,draft_round,draft_number,updated_at
203025,Farhiya,Abdi,Farhiya Abdi,0,0,,,,,,,,,,,,,2026-07-16T12:30:07.552296
100023,Tajama,Abraham,Tajama Abraham,0,0,,,,,,,,,,,,,2026-07-16T12:30:07.552706
100658,Svetlana,Abrosimova,Svetlana Abrosimova,0,0,,,,,,,,,,,,,2026-07-16T12:30:07.553087
203831,Natalie,Achonwa,Natalie Achonwa,0,0,,,,,,,,,,,,,2026-07-16T12:30:07.553499
201882,Jessica,Adair,Jessica Adair,0,0,,,,,,,,,,,,,2026-07-16T12:30:07.553874
202634,Danielle,Adams,Danielle Adams,0,0,,,,,,,,,,,,,2026-07-16T12:30:07.554243
100836,Jordan,Adams,Jordan Adams,0,0,,,,,,,,,,,,,2026-07-16T12:30:07.554615
1630153,Jaylyn,Agnew,Jaylyn Agnew,0,0,,,,,,,,,,,,,2026-07-16T12:30:07.554985
100601,Elisa,Aguilar,Elisa Aguilar,0,0,,,,,,,,,,,,,2026-07-16T12:30:07.555361
201492,Matee,Ajavon,Matee Ajavon,0,0,,,,,,,,,,,,,2026-07-16T12:30:07.555733
1628262,Evelyn,Akhator,Evelyn Akhator,0,0,,,,,,,,,,,,,2026-07-16T12:30:07.556100
1642777,Monique,Akoa Makani,Monique Akoa Makani,1,1611661317,PHX,,,,,,,,,,,,2026-07-16T12:30:07.556456
1630093,Bella,Alarie,Bella Alarie,0,0,,,,,,,,,,,,,2026-07-16T12:30:07.556813
100158,Marcie,Alberts,Marcie Alberts,0,0,,,,,,,,,,,,,2026-07-16T12:30:07.557189
100348,Markita,Aldridge,Markita Aldridge,0,0,,,,,,,,,,,,,2026-07-16T12:30:07.557565
100168,Erin,Alexander,Erin Alexander,0,0,,,,,,,,,,,,,2026-07-16T12:30:07.557931
203405,Kayla,Alexander,Kayla Alexander,1,1611661332,TOR,,,,,,,,,,,,2026-07-16T12:30:07.558291
100218,Towana,Alhaleem,Towana Alhaleem,0,0,,,,,,,,,,,,,2026-07-16T12:30:07.558658
1627700,Julie,Allemand,Julie Allemand,1,1611661332,TOR,,,,,,,,,,,,2026-07-16T12:30:07.559017
201513,Charel,Allen,Charel Allen,0,0,,,,,,,,,,,,,2026-07-16T12:30:07.559386
1628263,Lindsay,Allen,Lindsay Allen,0,0,,,,,,,,,,,,,2026-07-16T12:30:07.559761
204296,Rebecca,Allen,Rebecca Allen,1,1611661313,NYL,,,,,,,,,,,,2026-07-16T12:30:07.560118
1627687,Jillian,Alleyne,Jillian Alleyne,0,0,,,,,,,,,,,,,2026-07-16T12:30:07.560475
1627691,Ameryst,Alston,Ameryst Alston,0,0,,,,,,,,,,,,,2026-07-16T12:30:07.560832
100527,Mactabene,Amachree,Mactabene Amachree,0,0,,,,,,,,,,,,,2026-07-16T12:30:07.561189
100036,Monique,Ambers,Monique Ambers,0,0,,,,,,,,,,,,,2026-07-16T12:30:07.561562
1641656,Laeticia,Amihere,Laeticia Amihere,1,1611661331,GSV,,,,,,,,,,,,2026-07-16T12:30:07.561920
1642781,Georgia,Amoore,Georgia Amoore,1,1611661322,WAS,,,,,,,,,,,,2026-07-16T12:30:07.562275
200687,Ambrosia,Anderson,Ambrosia Anderson,0,0,,,,,,,,,,,,,2026-07-16T12:30:07.562631
100873,Chantelle,Anderson,Chantelle Anderson,0,0,,,,,,,,,,,,,2026-07-16T12:30:07.562979
201485,Jolene,Anderson,Jolene Anderson,0,0,,,,,,,,,,,,,2026-07-16T12:30:07.563338
100553,Keisha,Anderson,Keisha Anderson,0,0,,,,,,,,,,,,,2026-07-16T12:30:07.563690
1628304,Yvonne,Anderson,Yvonne Anderson,0,0,,,,,,,,,,,,,2026-07-16T12:30:07.564042
100428,Mery,Andrade,Mery Andrade,0,0,,,,,,,,,,,,,2026-07-16T12:30:07.564395
100026,Yvette,Angel,Yvette Angel,0,0,,,,,,,,,,,,,2026-07-16T12:30:07.564749
1643448,Nell,Angloma,Nell Angloma,1,1611661323,CON,,,,,,,,,,,,2026-07-16T12:30:07.565104
1629485,Kristine,Anigwe,Kristine Anigwe,0,0,,,,,,,,,,,,,2026-07-16T12:30:07.565474
201500,Nicky,Anosike,Nicky Anosike,0,0,,,,,,,,,,,,,2026-07-16T12:30:07.565833
202251,Jayne,Appel Marinelli,Jayne Appel Marinelli,0,0,,,,,,,,,,,,,2026-07-16T12:30:07.566192
100075,Janeth,Arcain,Janeth Arcain,0,0,,,,,,,,,,,,,2026-07-16T12:30:07.566548
203428,Anne,Marie Armstrong,Anne Marie Armstrong,0,0,,,,,,,,,,,,,2026-07-16T12:30:07.566900
100067,Katasha,Artis,Katasha Artis,0,0,,,,,,,,,,,,,2026-07-16T12:30:07.567256
100037,Marlies,Askamp,Marlies Askamp,0,0,,,,,,,,,,,,,2026-07-16T12:30:07.567608
1631136,Pauline,Astier,Pauline Astier,1,1611661313,NYL,,,,,,,,,,,,2026-07-16T12:30:07.567981
1628878,Ariel,Atkins,Ariel Atkins,1,1611661320,LAS,,,,,,,,,,,,2026-07-16T12:30:07.568344
200679,La'Tangela,Atkinson,La'Tangela Atkinson,0,0,,,,,,,,,,,,,2026-07-16T12:30:07.568711
201478,Morenike,Atunrase,Morenike Atunrase,0,0,,,,,,,,,,,,,2026-07-16T12:30:07.569074
1631056,Amy,Atwell,Amy Atwell,0,0,,,,,,,,,,,,,2026-07-16T12:30:07.569452
200671,Seimone,Augustus,Seimone Augustus,0,0,,,,,,,,,,,,,2026-07-16T12:30:07.569811
1631022,Shakira,Austin,Shakira Austin,1,1611661322,WAS,,,,,,,,,,,,2026-07-16T12:30:07.570162
204468,Valeriane,Ayayi,Valeriane Ayayi,1,1611661317,PHX,,,,,,,,,,,,2026-07-16T12:30:07.570516
100441,Angela,Aycock,Angela Aycock,0,0,,,,,,,,,,,,,2026-07-16T12:30:07.570870
202629,Miranda,Ayim,Miranda Ayim,0,0,,,,,,,,,,,,,2026-07-16T12:30:07.571223
100847,Leigh,Aziz,Leigh Aziz,0,0,,,,,,,,,,,,,2026-07-16T12:30:07.571581
100382,Jennifer,Azzi,Jennifer Azzi,0,0,,,,,,,,,,,,,2026-07-16T12:30:07.571938
100237,Tricia,Bader Binford,Tricia Bader Binford,0,0,,,,,,,,,,,,,2026-07-16T12:30:07.572307
1642763,Marième,Badiane,Marième Badiane,0,0,,,,,,,,,,,,,2026-07-16T12:30:07.572668
200682,Sherill,Baker,Sherill Baker,0,0,,,,,,,,,,,,,2026-07-16T12:30:07.573028
201054,Alison,Bales,Alison Bales,0,0,,,,,,,,,,,,,2026-07-16T12:30:07.573396
100535,Rhonda,Banchero,Rhonda Banchero,0,0,,,,,,,,,,,,,2026-07-16T12:30:07.573760
1627671,Rachel,Banham,Rachel Banham,1,1611661329,CHI,,,,,,,,,,,,2026-07-16T12:30:07.574115
1643706,Ornella,Bankole,Ornella Bankole,1,1611661332,TOR,,,,,,,,,,,,2026-07-16T12:30:07.574471
100043,Elena,Baranova,Elena Baranova,0,0,,,,,,,,,,,,,2026-07-16T12:30:07.574821
1643434,Janiah,Barker,Janiah Barker,1,1611661319,LVA,,,,,,,,,,,,2026-07-16T12:30:07.575169
1642782,Sarah,Ashlee Barker,Sarah Ashlee Barker,1,1611661327,PDX,,,,,,,,,,,,2026-07-16T12:30:07.575523
100231,Adia,Barnes,Adia Barnes,0,0,,,,,,,,,,,,,2026-07-16T12:30:07.575880
100230,Quacy,Barnes,Quacy Barnes,0,0,,,,,,,,,,,,,2026-07-16T12:30:07.576234
200691,Mistie,Bass,Mistie Bass,0,0,,,,,,,,,,,,,2026-07-16T12:30:07.576593
100878,Suzy,Batkovic-Brown,Suzy Batkovic-Brown,0,0,,,,,,,,,,,,,2026-07-16T12:30:07.576965
101035,Jacqueline,Batteast,Jacqueline Batteast,0,0,,,,,,,,,,,,,2026-07-16T12:30:07.577323
101047,Ashley,Battle,Ashley Battle,0,0,,,,,,,,,,,,,2026-07-16T12:30:07.577687
100294,Cass,Bauer-Bilodeau,Cass Bauer-Bilodeau,0,0,,,,,,,,,,,,,2026-07-16T12:30:07.578040
203037,Vicki,Baugh,Vicki Baugh,0,0,,,,,,,,,,,,,2026-07-16T12:30:07.578393
100949,Alana,Beard,Alana Beard,0,0,,,,,,,,,,,,,2026-07-16T12:30:07.578747
100041,Ryneldi,Becenti,Ryneldi Becenti,0,0,,,,,,,,,,,,,2026-07-16T12:30:07.579095
201517,Kimberly,Beck,Kimberly Beck,0,0,,,,,,,,,,,,,2026-07-16T12:30:07.579447
1643441,Raegan,Beers,Raegan Beers,1,1611661323,CON,,,,,,,,,,,,2026-07-16T12:30:07.579793
1629495,Kenisha,Bell,Kenisha Bell,0,0,,,,,,,,,,,,,2026-07-16T12:30:07.580144
1631006,Kierstan,Bell,Kierstan Bell,1,1611661319,LVA,,,,,,,,,,,,2026-07-16T12:30:07.580495
1627648,Evgeniia,Belyakova,Evgeniia Belyakova,0,0,,,,,,,,,,,,,2026-07-16T12:30:07.580843
1628868,Hind,Ben Abdelkader,Hind Ben Abdelkader,0,0,,,,,,,,,,,,,2026-07-16T12:30:07.581195
100921,Jenni,Benningfield,Jenni Benningfield,0,0,,,,,,,,,,,,,2026-07-16T12:30:07.581556
203410,Alex,Bentley,Alex Bentley,0,0,,,,,,,,,,,,,2026-07-16T12:30:07.581906
1631081,Katie,Benzan,Katie Benzan,0,0,,,,,,,,,,,,,2026-07-16T12:30:07.582258
201491,Val,Berezhynska,Val Berezhynska,0,0,,,,,,,,,,,,,2026-07-16T12:30:07.582608
1641658,Grace,Berger,Grace Berger,0,0,,,,,,,,,,,,,2026-07-16T12:30:07.582955
100739,Lucienne,Berthieu,Lucienne Berthieu,0,0,,,,,,,,,,,,,2026-07-16T12:30:07.583308
1629571,Morgan,Bertsch,Morgan Bertsch,0,0,,,,,,,,,,,,,2026-07-16T12:30:07.583662
1643427,Lauren,Betts,Lauren Betts,1,1611661322,WAS,,,,,,,,,,,,2026-07-16T12:30:07.584014
100284,Tully,Bevilaqua,Tully Bevilaqua,0,0,,,,,,,,,,,,,2026-07-16T12:30:07.584359
203839,Tiffany,Bias,Tiffany Bias,0,0,,,,,,,,,,,,,2026-07-16T12:30:07.584717
1631064,Chloe,Bibby,Chloe Bibby,1,1611661329,CHI,,,,,,,,,,,,2026-07-16T12:30:07.585067
100508,Jessica,Bibby,Jessica Bibby,0,0,,,,,,,,,,,,,2026-07-16T12:30:07.585424
100912,Agnieszka,Bibrzycka,Agnieszka Bibrzycka,0,0,,,,,,,,,,,,,2026-07-16T12:30:07.585774
1641698,Caitlin,Bickle,Caitlin Bickle,0,0,,,,,,,,,,,,,2026-07-16T12:30:07.586127
1628881,Monique,Billings,Monique Billings,1,1611661325,IND,,,,,,,,,,,,2026-07-16T12:30:07.586475
100720,Sue,Bird,Sue Bird,0,0,,,,,,,,,,,,,2026-07-16T12:30:07.586823
202249,Abby,Bishop,Abby Bishop,0,0,,,,,,,,,,,,,2026-07-16T12:30:07.587173
100391,Nina,Bjedov,Nina Bjedov,0,0,,,,,,,,,,,,,2026-07-16T12:30:07.587529
202637,Angie,Bjorklund,Angie Bjorklund,0,0,,,,,,,,,,,,,2026-07-16T12:30:07.587880
100979,Tera,Bjorklund,Tera Bjorklund,0,0,,,,,,,,,,,,,2026-07-16T12:30:07.588231
201884,Chante,Black,Chante Black,0,0,,,,,,,,,,,,,2026-07-16T12:30:07.588579
100359,Debbie,Black,Debbie Black,0,0,,,,,,,,,,,,,2026-07-16T12:30:07.588931
100108,Rhonda,Blades,Rhonda Blades,0,0,,,,,,,,,,,,,2026-07-16T12:30:07.589287
100183,Cindy,Blodgett,Cindy Blodgett,0,0,,,,,,,,,,,,,2026-07-16T12:30:07.589651
200689,Nikki,Blue,Nikki Blue,0,0,,,,,,,,,,,,,2026-07-16T12:30:07.590000
100169,Octavia,Blue,Octavia Blue,0,0,,,,,,,,,,,,,2026-07-16T12:30:07.590344
201497,Shannon,Bobbitt,Shannon Bobbitt,0,0,,,,,,,,,,,,,2026-07-16T12:30:07.590687
201885,Whitney,Boddie,Whitney Boddie,0,0,,,,,,,,,,,,,2026-07-16T12:30:07.591031
100016,Ruthie,Bolton,Ruthie Bolton,0,0,,,,,,,,,,,,,2026-07-16T12:30:07.591380
200697,LaToya,Bond,LaToya Bond,0,0,,,,,,,,,,,,,2026-07-16T12:30:07.591730
203402,Kelsey,Bone,Kelsey Bone,0,0,,,,,,,,,,,,,2026-07-16T12:30:07.592092
100799,Susanna,Bonfiglio,Susanna Bonfiglio,0,0,,,,,,,,,,,,,2026-07-16T12:30:07.592447
201886,DeWanna,Bonner,DeWanna Bonner,1,1611661317,PHX,,,,,,,,,,,,2026-07-16T12:30:07.592803
100053,Karen,Booker,Karen Booker,0,0,,,,,,,,,,,,,2026-07-16T12:30:07.593153
1642302,Isobel,Borlase,Isobel Borlase,1,1611661330,ATL,,,,,,,,,,,,2026-07-16T12:30:07.593516
1641648,Aliyah,Boston,Aliyah Boston,1,1611661325,IND,,,,,,,,,,,,2026-07-16T12:30:07.593868
100095,Jenny,Boucek,Jenny Boucek,0,0,,,,,,,,,,,,,2026-07-16T12:30:07.594216
100177,Kelly,Boucher,Kelly Boucher,0,0,,,,,,,,,,,,,2026-07-16T12:30:07.594573
200714,Lindsay,Bowen,Lindsay Bowen,0,0,,,,,,,,,,,,,2026-07-16T12:30:07.594949
100859,Tamara,Bowie,Tamara Bowie,0,0,,,,,,,,,,,,,2026-07-16T12:30:07.595308
100269,Carla,Boyd,Carla Boyd,0,0,,,,,,,,,,,,,2026-07-16T12:30:07.595662
204327,Brittany,Boyd-Jones,Brittany Boyd-Jones,0,0,,,,,,,,,,,,,2026-07-16T12:30:07.596012
204325,Crystal,Bradford,Crystal Bradford,0,0,,,,,,,,,,,,,2026-07-16T12:30:07.596367
203844,Gennifer,Brandon,Gennifer Brandon,0,0,,,,,,,,,,,,,2026-07-16T12:30:07.596721
100212,Albena,Branzova,Albena Branzova,0,0,,,,,,,,,,,,,2026-07-16T12:30:07.597067
100246,Gergana,Branzova,Gergana Branzova,0,0,,,,,,,,,,,,,2026-07-16T12:30:07.597422
203070,Cierra,Bravard,Cierra Bravard,0,0,,,,,,,,,,,,,2026-07-16T12:30:07.597773
100087,Janice,Braxton,Janice Braxton,0,0,,,,,,,,,,,,,2026-07-16T12:30:07.598134
101025,Kara,Braxton,Kara Braxton,0,0,,,,,,,,,,,,,2026-07-16T12:30:07.598491
100368,Angie,Braziel,Angie Braziel,0,0,,,,,,,,,,,,,2026-07-16T12:30:07.598840
100253,Razija,Brcaninovic,Razija Brcaninovic,0,0,,,,,,,,,,,,,2026-07-16T12:30:07.599188
202638,Jessica,Breland,Jessica Breland,0,0,,,,,,,,,,,,,2026-07-16T12:30:07.599543
1630095,Brittany,Brewer,Brittany Brewer,0,0,,,,,,,,,,,,,2026-07-16T12:30:07.599893
1642287,Cameron,Brink,Cameron Brink,1,1611661320,LAS,,,,,,,,,,,,2026-07-16T12:30:07.600240
100629,Reshea,Bristol,Reshea Bristol,0,0,,,,,,,,,,,,,2026-07-16T12:30:07.600585
1643493,Noemie,Brochant,Noemie Brochant,1,1611661317,PHX,,,,,,,,,,,,2026-07-16T12:30:07.600933
100221,Michelle,Brogan,Michelle Brogan,0,0,,,,,,,,,,,,,2026-07-16T12:30:07.601281
100247,Sandy,Brondello,Sandy Brondello,0,0,,,,,,,,,,,,,2026-07-16T12:30:07.601642
100248,Cindy,Brown,Cindy Brown,0,0,,,,,,,,,,,,,2026-07-16T12:30:07.601991
100848,Coretta,Brown,Coretta Brown,0,0,,,,,,,,,,,,,2026-07-16T12:30:07.602339
100492,Edwina,Brown,Edwina Brown,0,0,,,,,,,,,,,,,2026-07-16T12:30:07.602694
1642240,Jaelyn,Brown,Jaelyn Brown,0,0,,,,,,,,,,,,,2026-07-16T12:30:07.603045
1629480,Kalani,Brown,Kalani Brown,0,0,,,,,,,,,,,,,2026-07-16T12:30:07.603397
100651,Kiesha,Brown,Kiesha Brown,0,0,,,,,,,,,,,,,2026-07-16T12:30:07.603746
100193,La'Shawn,Brown,La'Shawn Brown,0,0,,,,,,,,,,,,,2026-07-16T12:30:07.604098
1641665,Leigha,Brown,Leigha Brown,0,0,,,,,,,,,,,,,2026-07-16T12:30:07.604453
100383,Lesley,Brown,Lesley Brown,0,0,,,,,,,,,,,,,2026-07-16T12:30:07.604802
1628882,Lexie,Brown,Lexie Brown,0,0,,,,,,,,,,,,,2026-07-16T12:30:07.605158
100097,Rushia,Brown,Rushia Brown,0,0,,,,,,,,,,,,,2026-07-16T12:30:07.605523
1642309,Jakia,Brown-Turner,Jakia Brown-Turner,0,0,,,,,,,,,,,,,2026-07-16T12:30:07.605872
100481,Marla,Brumfield,Marla Brumfield,0,0,,,,,,,,,,,,,2026-07-16T12:30:07.606219
100916,Jessica,Brungo,Jessica Brungo,0,0,,,,,,,,,,,,,2026-07-16T12:30:07.606567
1628265,Sophie,Brunner,Sophie Brunner,0,0,,,,,,,,,,,,,2026-07-16T12:30:07.606921
100944,Rebekkah,Brunson,Rebekkah Brunson,0,0,,,,,,,,,,,,,2026-07-16T12:30:07.607273
1642784,Paige,Bueckers,Paige Bueckers,1,1611661321,DAL,,,,,,,,,,,,2026-07-16T12:30:07.607620
1643494,Frieda,Buhner,Frieda Buhner,1,1611661327,PDX,,,,,,,,,,,,2026-07-16T12:30:07.607971
1627679,Adut,Bulgak,Adut Bulgak,0,0,,,,,,,,,,,,,2026-07-16T12:30:07.608323
100058,Vicky,Bullett,Vicky Bullett,0,0,,,,,,,,,,,,,2026-07-16T12:30:07.608674
204332,Cierra,Burdick,Cierra Burdick,0,0,,,,,,,,,,,,,2026-07-16T12:30:07.609022
100156,Heidi,Burge,Heidi Burge,0,0,,,,,,,,,,,,,2026-07-16T12:30:07.609374
100401,Annie,Burgess,Annie Burgess,0,0,,,,,,,,,,,,,2026-07-16T12:30:07.609732
100011,Linda,Burgess,Linda Burgess,0,0,,,,,,,,,,,,,2026-07-16T12:30:07.610081
1629568,Kennedy,Burke,Kennedy Burke,1,1611661323,CON,,,,,,,,,,,,2026-07-16T12:30:07.610460
100429,Alisa,Burras,Alisa Burras,0,0,,,,,,,,,,,,,2026-07-16T12:30:07.610839
1630996,Rae,Burrell,Rae Burrell,1,1611661320,LAS,,,,,,,,,,,,2026-07-16T12:30:07.611199
100660,Janell,Burse,Janell Burse,0,0,,,,,,,,,,,,,2026-07-16T12:30:07.611551
1631007,Veronica,Burton,Veronica Burton,1,1611661331,GSV,,,,,,,,,,,,2026-07-16T12:30:07.611906
203046,Briana,Butler,Briana Butler,0,0,,,,,,,,,,,,,2026-07-16T12:30:07.612257
203874,Heather,Butler,Heather Butler,0,0,,,,,,,,,,,,,2026-07-16T12:30:07.612609
100934,Tasha,Butts,Tasha Butts,0,0,,,,,,,,,,,,,2026-07-16T12:30:07.612974
100027,Latasha,Byears,Latasha Byears,0,0,,,,,,,,,,,,,2026-07-16T12:30:07.613331
203020,Kelley,Cain,Kelley Cain,0,0,,,,,,,,,,,,,2026-07-16T12:30:07.613663
1630471,Maya,Caldwell,Maya Caldwell,1,1611661324,MIN,,,,,,,,,,,,2026-07-16T12:30:07.613948
202633,Liz,Cambage,Liz Cambage,0,0,,,,,,,,,,,,,2026-07-16T12:30:07.614227
100375,Edna,Campbell,Edna Campbell,0,0,,,,,,,,,,,,,2026-07-16T12:30:07.614507
100360,Michelle,Campbell,Michelle Campbell,0,0,,,,,,,,,,,,,2026-07-16T12:30:07.614787
202314,Michelle,Campbell,Michelle Campbell,0,0,,,,,,,,,,,,,2026-07-16T12:30:07.615072
1628886,Jordin,Canada,Jordin Canada,1,1611661330,ATL,,,,,,,,,,,,2026-07-16T12:30:07.615404
1628242,Emma,Cannon,Emma Cannon,1,1611661320,LAS,,,,,,,,,,,,2026-07-16T12:30:07.615743
100384,Dominique,Canty,Dominique Canty,0,0,,,,,,,,,,,,,2026-07-16T12:30:07.616090
1642289,Kamilla,Cardoso,Kamilla Cardoso,1,1611661329,CHI,,,,,,,,,,,,2026-07-16T12:30:07.616424
101053,Jamie,Carey,Jamie Carey,0,0,,,,,,,,,,,,,2026-07-16T12:30:07.616745
1629524,Bridget,Carleton,Bridget Carleton,1,1611661327,PDX,,,,,,,,,,,,2026-07-16T12:30:07.617056
1630384,Raquel,Carrera,Raquel Carrera,1,1611661313,NYL,,,,,,,,,,,,2026-07-16T12:30:07.617446
1630096,DiJonai,Carrington,DiJonai Carrington,1,1611661329,CHI,,,,,,,,,,,,2026-07-16T12:30:07.617730
201502,Essence,Carson,Essence Carson,0,0,,,,,,,,,,,,,2026-07-16T12:30:07.617974
100938,Amisha,Carter,Amisha Carter,0,0,,,,,,,,,,,,,2026-07-16T12:30:07.618218
1629573,Arica,Carter,Arica Carter,0,0,,,,,,,,,,,,,2026-07-16T12:30:07.618459
1630150,Chennedy,Carter,Chennedy Carter,0,0,,,,,,,,,,,,,2026-07-16T12:30:07.618699
100052,Deborah,Carter,Deborah Carter,0,0,,,,,,,,,,,,,2026-07-16T12:30:07.618939
1642305,Jessika,Carter,Jessika Carter,0,0,,,,,,,,,,,,,2026-07-16T12:30:07.619176
1643487,Quionche,Carter,Quionche Carter,1,1611661317,PHX,,,,,,,,,,,,2026-07-16T12:30:07.619415
203039,Sydney,Carter,Sydney Carter,0,0,,,,,,,,,,,,,2026-07-16T12:30:07.619653
100721,Swin,Cash,Swin Cash,0,0,,,,,,,,,,,,,2026-07-16T12:30:07.619886
100451,Jamie,Cassidy,Jamie Cassidy,0,0,,,,,,,,,,,,,2026-07-16T12:30:07.620121
100796,Iziane,Castro Marques,Iziane Castro Marques,0,0,,,,,,,,,,,,,2026-07-16T12:30:07.620368
100646,Tamika,Catchings,Tamika Catchings,0,0,,,,,,,,,,,,,2026-07-16T12:30:07.620611
100733,LaNeishea,Caufield,LaNeishea Caufield,0,0,,,,,,,,,,,,,2026-07-16T12:30:07.620856
1629569,Maite,Cazorla,Maite Cazorla,0,0,,,,,,,,,,,,,2026-07-16T12:30:07.621097
100213,Elisabeth,Cebrian,Elisabeth Cebrian,0,0,,,,,,,,,,,,,2026-07-16T12:30:07.621336
1643488,Emma,Cechova,Emma Cechova,1,1611661324,MIN,,,,,,,,,,,,2026-07-16T12:30:07.621590
100194,Keri,Chaconas,Keri Chaconas,0,0,,,,,,,,,,,,,2026-07-16T12:30:07.621831
201087,Cori,Chambers,Cori Chambers,0,0,,,,,,,,,,,,,2026-07-16T12:30:07.622067
201481,Quianna,Chaney,Quianna Chaney,0,0,,,,,,,,,,,,,2026-07-16T12:30:07.622303
100741,Jill,Chapman-Daily,Jill Chapman-Daily,0,0,,,,,,,,,,,,,2026-07-16T12:30:07.622541
100005,Daedra,Charles,Daedra Charles,0,0,,,,,,,,,,,,,2026-07-16T12:30:07.622776
1630097,Kaila,Charles,Kaila Charles,1,1611661331,GSV,,,,,,,,,,,,2026-07-16T12:30:07.623012
202250,Tina,Charles,Tina Charles,0,0,,,,,,,,,,,,,2026-07-16T12:30:07.623249
100178,Sonia,Chase,Sonia Chase,0,0,,,,,,,,,,,,,2026-07-16T12:30:07.623481
202285,Joy,Cheek,Joy Cheek,0,0,,,,,,,,,,,,,2026-07-16T12:30:07.623715
1642822,Kaitlyn,Chen,Kaitlyn Chen,1,1611661331,GSV,,,,,,,,,,,,2026-07-16T12:30:07.623951
202639,Felicia,Chester-Wootton,Felicia Chester-Wootton,0,0,,,,,,,,,,,,,2026-07-16T12:30:07.624184
100950,Kaayla,Chones,Kaayla Chones,0,0,,,,,,,,,,,,,2026-07-16T12:30:07.624417
1628267,Saniya,Chong,Saniya Chong,0,0,,,,,,,,,,,,,2026-07-16T12:30:07.624653
100759,Kayte,Christensen,Kayte Christensen,0,0,,,,,,,,,,,,,2026-07-16T12:30:07.624894
202640,Karima,Christmas-Kelly,Karima Christmas-Kelly,0,0,,,,,,,,,,,,,2026-07-16T12:30:07.625134
100937,Shameka,Christon,Shameka Christon,0,0,,,,,,,,,,,,,2026-07-16T12:30:07.625375
1643470,Shay,Ciezki,Shay Ciezki,1,1611661317,PHX,,,,,,,,,,,,2026-07-16T12:30:07.625628
201922,Kristi,Cirone,Kristi Cirone,0,0,,,,,,,,,,,,,2026-07-16T12:30:07.625845
1642785,Sonia,Citron,Sonia Citron,1,1611661322,WAS,,,,,,,,,,,,2026-07-16T12:30:07.628108
203406,Layshia,Clarendon,Layshia Clarendon,0,0,,,,,,,,,,,,,2026-07-16T12:30:07.628472
202252,Alysha,Clark,Alysha Clark,1,1611661321,DAL,,,,,,,,,,,,2026-07-16T12:30:07.628706
1642286,Caitlin,Clark,Caitlin Clark,1,1611661325,IND,,,,,,,,,,,,2026-07-16T12:30:07.628925
100162,Margo,Clark,Margo Clark,0,0,,,,,,,,,,,,,2026-07-16T12:30:07.629141
100594,Michelle,Cleary,Michelle Cleary,0,0,,,,,,,,,,,,,2026-07-16T12:30:07.629355
203451,Courtney,Clements,Courtney Clements,0,0,,,,,,,,,,,,,2026-07-16T12:30:07.629604
100534,Stacy,Clinesmith,Stacy Clinesmith,0,0,,,,,,,,,,,,,2026-07-16T12:30:07.629806
204333,Natasha,Cloud,Natasha Cloud,1,1611661329,CHI,,,,,,,,,,,,2026-07-16T12:30:07.630007
1631002,Nia,Clouden,Nia Clouden,0,0,,,,,,,,,,,,,2026-07-16T12:30:07.630207
1628268,Alaina,Coates,Alaina Coates,0,0,,,,,,,,,,,,,2026-07-16T12:30:07.630407
1628269,Nia,Coffey,Nia Coffey,1,1611661324,MIN,,,,,,,,,,,,2026-07-16T12:30:07.630607
201095,Claire,Coggins,Claire Coggins,0,0,,,,,,,,,,,,,2026-07-16T12:30:07.630811
100958,Monique,Coker,Monique Coker,0,0,,,,,,,,,,,,,2026-07-16T12:30:07.631017
100827,Courtney,Coleman,Courtney Coleman,0,0,,,,,,,,,,,,,2026-07-16T12:30:07.631220
201889,Marissa,Coleman,Marissa Coleman,0,0,,,,,,,,,,,,,2026-07-16T12:30:07.631421
203814,Nadia,Colhado,Nadia Colhado,0,0,,,,,,,,,,,,,2026-07-16T12:30:07.631625
100009,Katrina,Colleton,Katrina Colleton,0,0,,,,,,,,,,,,,2026-07-16T12:30:07.631827
1630454,Charli,Collier,Charli Collier,0,0,,,,,,,,,,,,,2026-07-16T12:30:07.632032
1629483,Napheesa,Collier,Napheesa Collier,1,1611661324,MIN,,,,,,,,,,,,2026-07-16T12:30:07.632236
202641,Sydney,Colson,Sydney Colson,0,0,,,,,,,,,,,,,2026-07-16T12:30:07.632440
100051,Megan,Compain,Megan Compain,0,0,,,,,,,,,,,,,2026-07-16T12:30:07.632641
1629576,Maria,Conde,Maria Conde,1,1611661332,TOR,,,,,,,,,,,,2026-07-16T12:30:07.632843
100065,Andrea,Congreaves,Andrea Congreaves,0,0,,,,,,,,,,,,,2026-07-16T12:30:07.633045
100688,Cara,Consuegra,Cara Consuegra,0,0,,,,,,,,,,,,,2026-07-16T12:30:07.633244
1641660,Zia,Cooke,Zia Cooke,1,1611661328,SEA,,,,,,,,,,,,2026-07-16T12:30:07.633456
100652,Camille,Cooper,Camille Cooper,0,0,,,,,,,,,,,,,2026-07-16T12:30:07.633661
100073,Cynthia,Cooper,Cynthia Cooper,0,0,,,,,,,,,,,,,2026-07-16T12:30:07.633863
1630099,Te'a,Cooper,Te'a Cooper,0,0,,,,,,,,,,,,,2026-07-16T12:30:07.634065
1627674,Kahleah,Copper,Kahleah Copper,1,1611661317,PHX,,,,,,,,,,,,2026-07-16T12:30:07.634267
1627635,Carla,Cortijo,Carla Cortijo,0,0,,,,,,,,,,,,,2026-07-16T12:30:07.634470
1642786,Aicha,Coulibaly,Aicha Coulibaly,1,1611661329,CHI,,,,,,,,,,,,2026-07-16T12:30:07.634674
1630100,Lauren,Cox,Lauren Cox,0,0,,,,,,,,,,,,,2026-07-16T12:30:07.634874
100529,Sylvia,Crawley,Sylvia Crawley,0,0,,,,,,,,,,,,,2026-07-16T12:30:07.635076
200692,Willnett,Crockett,Willnett Crockett,0,0,,,,,,,,,,,,,2026-07-16T12:30:07.635275
100730,Danielle,Crockrom,Danielle Crockrom,0,0,,,,,,,,,,,,,2026-07-16T12:30:07.635475
100665,Katie,Cronin,Katie Cronin,0,0,,,,,,,,,,,,,2026-07-16T12:30:07.635672
100110,Cassandra,Crumpton-Moorer,Cassandra Crumpton-Moorer,0,0,,,,,,,,,,,,,2026-07-16T12:30:07.635871
203813,Anna,Cruz,Anna Cruz,0,0,,,,,,,,,,,,,2026-07-16T12:30:07.636072
1631032,Lorela,Cubaj,Lorela Cubaj,0,0,,,,,,,,,,,,,2026-07-16T12:30:07.636273
1631072,Elissa,Cunane,Elissa Cunane,0,0,,,,,,,,,,,,,2026-07-16T12:30:07.636477
100554,Beth,Cunningham,Beth Cunningham,0,0,,,,,,,,,,,,,2026-07-16T12:30:07.636680
100743,Davalyn,Cunningham,Davalyn Cunningham,0,0,,,,,,,,,,,,,2026-07-16T12:30:07.636879
1629482,Sophie,Cunningham,Sophie Cunningham,1,1611661325,IND,,,,,,,,,,,,2026-07-16T12:30:07.637078
200673,Monique,Currie,Monique Currie,0,0,,,,,,,,,,,,,2026-07-16T12:30:07.637278
100760,Edniesha,Curry,Edniesha Curry,0,0,,,,,,,,,,,,,2026-07-16T12:30:07.637485
204302,Ana,Dabovic,Ana Dabovic,0,0,,,,,,,,,,,,,2026-07-16T12:30:07.637685
100722,Stacey,Dales,Stacey Dales,0,0,,,,,,,,,,,,,2026-07-16T12:30:07.637887
100482,Grace,Daley,Grace Daley,0,0,,,,,,,,,,,,,2026-07-16T12:30:07.638090
1630101,Crystal,Dangerfield,Crystal Dangerfield,0,0,,,,,,,,,,,,,2026-07-16T12:30:07.638303
203024,Damiris,Dantas,Damiris Dantas,1,1611661325,IND,,,,,,,,,,,,2026-07-16T12:30:07.638508
100457,Helen,Darling,Helen Darling,0,0,,,,,,,,,,,,,2026-07-16T12:30:07.638708
201047,Jessica,Davenport,Jessica Davenport,0,0,,,,,,,,,,,,,2026-07-16T12:30:07.638915
200725,Brandi,Davis,Brandi Davis,0,0,,,,,,,,,,,,,2026-07-16T12:30:07.639120
201061,Dee,Davis,Dee Davis,0,0,,,,,,,,,,,,,2026-07-16T12:30:07.639322
1628273,Kaela,Davis,Kaela Davis,0,0,,,,,,,,,,,,,2026-07-16T12:30:07.639524
1642301,Marquesha,Davis,Marquesha Davis,0,0,,,,,,,,,,,,,2026-07-16T12:30:07.639727
1630452,Rennia,Davis,Rennia Davis,0,0,,,,,,,,,,,,,2026-07-16T12:30:07.639926
201890,Tenae,Davis-Cain,Tenae Davis-Cain,0,0,,,,,,,,,,,,,2026-07-16T12:30:07.640132
100377,Clarissa,Davis-Wrightsil,Clarissa Davis-Wrightsil,0,0,,,,,,,,,,,,,2026-07-16T12:30:07.640333
100493,Anna,DeForge,Anna DeForge,0,0,,,,,,,,,,,,,2026-07-16T12:30:07.640535
1628890,Diamond,DeShields,Diamond DeShields,0,0,,,,,,,,,,,,,2026-07-16T12:30:07.640745
1643489,Antonia,Delaere,Antonia Delaere,1,1611661324,MIN,,,,,,,,,,,,2026-07-16T12:30:07.640954
203399,Elena,Delle Donne,Elena Delle Donne,0,0,,,,,,,,,,,,,2026-07-16T12:30:07.641159
100975,Jennifer,Derevjanik,Jennifer Derevjanik,0,0,,,,,,,,,,,,,2026-07-16T12:30:07.641362
1642773,Kariata,Diaby,Kariata Diaby,0,0,,,,,,,,,,,,,2026-07-16T12:30:07.641580
1628358,Maimouna,Diarra,Maimouna Diarra,0,0,,,,,,,,,,,,,2026-07-16T12:30:07.641783
100483,Keitha,Dickerson,Keitha Dickerson,0,0,,,,,,,,,,,,,2026-07-16T12:30:07.641985
1631029,Jasmine,Dickey,Jasmine Dickey,0,0,,,,,,,,,,,,,2026-07-16T12:30:07.642187
204355,Blake,Dietrick,Blake Dietrick,0,0,,,,,,,,,,,,,2026-07-16T12:30:07.642389
203400,Skylar,Diggins,Skylar Diggins,1,1611661329,CHI,,,,,,,,,,,,2026-07-16T12:30:07.642590
100866,Tai,Dillard,Tai Dillard,0,0,,,,,,,,,,,,,2026-07-16T12:30:07.642791
1627639,Zoi,Dimitrakou,Zoi Dimitrakou,0,0,,,,,,,,,,,,,2026-07-16T12:30:07.642993
1641700,Liz,Dixon,Liz Dixon,0,0,,,,,,,,,,,,,2026-07-16T12:30:07.643197
100008,Tamecka,Dixon,Tamecka Dixon,0,0,,,,,,,,,,,,,2026-07-16T12:30:07.643400
1641602,Ivana,Dojkić,Ivana Dojkić,0,0,,,,,,,,,,,,,2026-07-16T12:30:07.643602
203828,Stefanie,Dolson,Stefanie Dolson,1,1611661328,SEA,,,,,,,,,,,,2026-07-16T12:30:07.643805
100214,Nadine,Domond,Nadine Domond,0,0,,,,,,,,,,,,,2026-07-16T12:30:07.644009
100862,Bethany,Donaphin,Bethany Donaphin,0,0,,,,,,,,,,,,,2026-07-16T12:30:07.644211
201063,Shay,Doron,Shay Doron,0,0,,,,,,,,,,,,,2026-07-16T12:30:07.644415
200684,Scholanda,Dorrell,Scholanda Dorrell,0,0,,,,,,,,,,,,,2026-07-16T12:30:07.644615
204309,Clarissa,Dos Santos,Clarissa Dos Santos,0,0,,,,,,,,,,,,,2026-07-16T12:30:07.644817
100666,Katie,Douglas,Katie Douglas,0,0,,,,,,,,,,,,,2026-07-16T12:30:07.645030
1630104,Kathleen,Doyle,Kathleen Doyle,0,0,,,,,,,,,,,,,2026-07-16T12:30:07.645232
1627644,Jelena,Dubljevic,Jelena Dubljevic,0,0,,,,,,,,,,,,,2026-07-16T12:30:07.645442
200701,Megan,Duffy,Megan Duffy,0,0,,,,,,,,,,,,,2026-07-16T12:30:07.645646
1643455,Angela,Dugalic,Angela Dugalic,1,1611661322,WAS,,,,,,,,,,,,2026-07-16T12:30:07.645847
203820,Celine,Dumerc,Celine Dumerc,0,0,,,,,,,,,,,,,2026-07-16T12:30:07.646049
1630440,Chelsea,Dungee,Chelsea Dungee,0,0,,,,,,,,,,,,,2026-07-16T12:30:07.646249
202643,Victoria,Dunlap,Victoria Dunlap,0,0,,,,,,,,,,,,,2026-07-16T12:30:07.646452
200676,Candice,Dupree,Candice Dupree,0,0,,,,,,,,,,,,,2026-07-16T12:30:07.646652
1629476,Asia,(AD) Durr,Asia (AD) Durr,0,0,,,,,,,,,,,,,2026-07-16T12:30:07.646855
100239,Margo,Dydek,Margo Dydek,0,0,,,,,,,,,,,,,2026-07-16T12:30:07.647057
1642290,Aaliyah,Edwards,Aaliyah Edwards,1,1611661323,CON,,,,,,,,,,,,2026-07-16T12:30:07.647258
100088,Michelle,Edwards,Michelle Edwards,0,0,,,,,,,,,,,,,2026-07-16T12:30:07.647459
100111,Simone,Edwards,Simone Edwards,0,0,,,,,,,,,,,,,2026-07-16T12:30:07.647660
100838,Teresa,Edwards,Teresa Edwards,0,0,,,,,,,,,,,,,2026-07-16T12:30:07.647860
100398,Tonya,Edwards,Tonya Edwards,0,0,,,,,,,,,,,,,2026-07-16T12:30:07.648062
1631031,Queen,Egbo,Queen Egbo,0,0,,,,,,,,,,,,,2026-07-16T12:30:07.648264
1627645,Frida,Eldebrink,Frida Eldebrink,0,0,,,,,,,,,,,,,2026-07-16T12:30:07.648467
203876,Aaryn,Ellenberg,Aaryn Ellenberg,0,0,,,,,,,,,,,,,2026-07-16T12:30:07.648669
1628327,Adaora,Elonu,Adaora Elonu,0,0,,,,,,,,,,,,,2026-07-16T12:30:07.648870
101032,Shyra,Ely-Gash,Shyra Ely-Gash,0,0,,,,,,,,,,,,,2026-07-16T12:30:07.649070
1631083,Emily,Engstler,Emily Engstler,1,1611661327,PDX,,,,,,,,,,,,2026-07-16T12:30:07.649274
100350,Shalonda,Enis,Shalonda Enis,0,0,,,,,,,,,,,,,2026-07-16T12:30:07.649490
1630151,Olivia,Epoupa,Olivia Epoupa,0,0,,,,,,,,,,,,,2026-07-16T12:30:07.649694
1628300,Makayla,Epps,Makayla Epps,0,0,,,,,,,,,,,,,2026-07-16T12:30:07.649896
100446,Summer,Erb,Summer Erb,0,0,,,,,,,,,,,,,2026-07-16T12:30:07.650096
201486,Lauren,Ervin,Lauren Ervin,0,0,,,,,,,,,,,,,2026-07-16T12:30:07.650298
1630389,Dana,Evans,Dana Evans,1,1611661319,LVA,,,,,,,,,,,,2026-07-16T12:30:07.650498
202999,Dawn,Evans,Dawn Evans,0,0,,,,,,,,,,,,,2026-07-16T12:30:07.650698
1627701,Temi,Fagbenle,Temi Fagbenle,1,1611661332,TOR,,,,,,,,,,,,2026-07-16T12:30:07.650899
1642300,Dyaisha,Fair,Dyaisha Fair,0,0,,,,,,,,,,,,,2026-07-16T12:30:07.651100
100399,Trisha,Fallon,Trisha Fallon,0,0,,,,,,,,,,,,,2026-07-16T12:30:07.651305
1643443,Awa,Fam,Awa Fam,1,1611661328,SEA,,,,,,,,,,,,2026-07-16T12:30:07.651507
1641675,Dulcy,Fankam Mendjiadeu,Dulcy Fankam Mendjiadeu,0,0,,,,,,,,,,,,,2026-07-16T12:30:07.651724
203408,Kelly,Faris,Kelly Faris,0,0,,,,,,,,,,,,,2026-07-16T12:30:07.651959
100494,Barbara,Farris,Barbara Farris,0,0,,,,,,,,,,,,,2026-07-16T12:30:07.652169
1630108,Mariella,Fasoula,Mariella Fasoula,0,0,,,,,,,,,,,,,2026-07-16T12:30:07.652373
203857,Jamierra,Faulkner,Jamierra Faulkner,0,0,,,,,,,,,,,,,2026-07-16T12:30:07.652574
1630469,Marine,Fauthoux,Marine Fauthoux,1,1611661313,NYL,,,,,,,,,,,,2026-07-16T12:30:07.652775
1642790,Sania,Feagin,Sania Feagin,1,1611661327,PDX,,,,,,,,,,,,2026-07-16T12:30:07.652978
100170,Allison,Feaster,Allison Feaster,0,0,,,,,,,,,,,,,2026-07-16T12:30:07.653180
100998,Sui,Fei Fei,Sui Fei Fei,0,0,,,,,,,,,,,,,2026-07-16T12:30:07.653399
100685,Marie,Ferdinand-Harris,Marie Ferdinand-Harris,0,0,,,,,,,,,,,,,2026-07-16T12:30:07.653602
201037,Marta,Fernandez,Marta Fernandez,0,0,,,,,,,,,,,,,2026-07-16T12:30:07.653804
100509,Marina,Ferragut,Marina Ferragut,0,0,,,,,,,,,,,,,2026-07-16T12:30:07.654013
1630142,Leonie,Fiebich,Leonie Fiebich,1,1611661313,NYL,,,,,,,,,,,,2026-07-16T12:30:07.654215
1627699,Nirra,Fields,Nirra Fields,0,0,,,,,,,,,,,,,2026-07-16T12:30:07.654414
100392,Ukari,Figgs,Ukari Figgs,0,0,,,,,,,,,,,,,2026-07-16T12:30:07.654616
100089,Isabelle,Fijalkowski,Isabelle Fijalkowski,0,0,,,,,,,,,,,,,2026-07-16T12:30:07.654820
1643686,Nadia,Fingall,Nadia Fingall,1,1611661331,GSV,,,,,,,,,,,,2026-07-16T12:30:07.655024
100510,Olga,Firsova,Olga Firsova,0,0,,,,,,,,,,,,,2026-07-16T12:30:07.655225
1628289,Feyonda,Fitzgerald,Feyonda Fitzgerald,0,0,,,,,,,,,,,,,2026-07-16T12:30:07.655427
100559,Milena,Flores,Milena Flores,0,0,,,,,,,,,,,,,2026-07-16T12:30:07.655629
1643644,Alicia,Florez,Alicia Florez,1,1611661322,WAS,,,,,,,,,,,,2026-07-16T12:30:07.655833
200680,Tye'sha,Fluker,Tye'sha Fluker,0,0,,,,,,,,,,,,,2026-07-16T12:30:07.656040
100400,Kristin,Folkl,Kristin Folkl,0,0,,,,,,,,,,,,,2026-07-16T12:30:07.656241
100843,Cheryl,Ford,Cheryl Ford,0,0,,,,,,,,,,,,,2026-07-16T12:30:07.656444
100107,Kisha,Ford,Kisha Ford,0,0,,,,,,,,,,,,,2026-07-16T12:30:07.656641
100599,Stacey,Ford,Stacey Ford,0,0,,,,,,,,,,,,,2026-07-16T12:30:07.656844
100033,Toni,Foster,Toni Foster,0,0,,,,,,,,,,,,,2026-07-16T12:30:07.657046
1643525,Alex,Fowler,Alex Fowler,0,0,,,,,,,,,,,,,2026-07-16T12:30:07.657246
201480,Sylvia,Fowles,Sylvia Fowles,0,0,,,,,,,,,,,,,2026-07-16T12:30:07.657458
100511,Desiree,Francis,Desiree Francis,0,0,,,,,,,,,,,,,2026-07-16T12:30:07.657660
201510,A'Quonesia,Franklin,A'Quonesia Franklin,0,0,,,,,,,,,,,,,2026-07-16T12:30:07.657861
201892,Megan,Frazee,Megan Frazee,0,0,,,,,,,,,,,,,2026-07-16T12:30:07.658062
100547,Stacy,Frese,Stacy Frese,0,0,,,,,,,,,,,,,2026-07-16T12:30:07.658278
100393,La'Keshia,Frett,La'Keshia Frett,0,0,,,,,,,,,,,,,2026-07-16T12:30:07.658485
100948,Catrina,Frierson,Catrina Frierson,0,0,,,,,,,,,,,,,2026-07-16T12:30:07.658693
100746,Linda,Frohlich,Linda Frohlich,0,0,,,,,,,,,,,,,2026-07-16T12:30:07.658895
1643425,Azzi,Fudd,Azzi Fudd,1,1611661321,DAL,,,,,,,,,,,,2026-07-16T12:30:07.659095
100918,Candace,Futrell,Candace Futrell,0,0,,,,,,,,,,,,,2026-07-16T12:30:07.659299
100548,Katryna,Gaither,Katryna Gaither,0,0,,,,,,,,,,,,,2026-07-16T12:30:07.659498
100010,Travesa,Gant,Travesa Gant,0,0,,,,,,,,,,,,,2026-07-16T12:30:07.659700
100803,Begona,Garcia,Begona Garcia,0,0,,,,,,,,,,,,,2026-07-16T12:30:07.659902
200704,Kerri,Gardin,Kerri Gardin,0,0,,,,,,,,,,,,,2026-07-16T12:30:07.660103
100747,Andrea,Gardner,Andrea Gardner,0,0,,,,,,,,,,,,,2026-07-16T12:30:07.660302
203822,Rebekah,Gardner,Rebekah Gardner,1,1611661313,NYL,,,,,,,,,,,,2026-07-16T12:30:07.660500
100503,Andrea,Garner,Andrea Garner,0,0,,,,,,,,,,,,,2026-07-16T12:30:07.660699
203832,Markeisha,Gatling,Markeisha Gatling,0,0,,,,,,,,,,,,,2026-07-16T12:30:07.660899
100081,Pietra,Gay,Pietra Gay,0,0,,,,,,,,,,,,,2026-07-16T12:30:07.661098
100515,Cornelia,Gayden,Cornelia Gayden,0,0,,,,,,,,,,,,,2026-07-16T12:30:07.661299
201052,Katie,Gearlds,Katie Gearlds,0,0,,,,,,,,,,,,,2026-07-16T12:30:07.661509
1630143,Luisa,Geiselsoder,Luisa Geiselsoder,1,1611661327,PDX,,,,,,,,,,,,2026-07-16T12:30:07.661711
203043,Jacki,Gemelos,Jacki Gemelos,0,0,,,,,,,,,,,,,2026-07-16T12:30:07.661914
204297,Cayla,George,Cayla George,0,0,,,,,,,,,,,,,2026-07-16T12:30:07.662116
100014,Kim,Gessig,Kim Gessig,0,0,,,,,,,,,,,,,2026-07-16T12:30:07.662318
100504,Kelley,Gibson,Kelley Gibson,0,0,,,,,,,,,,,,,2026-07-16T12:30:07.662524
100030,Jennifer,Gillom,Jennifer Gillom,0,0,,,,,,,,,,,,,2026-07-16T12:30:07.662725
100468,Usha,Gilmore,Usha Gilmore,0,0,,,,,,,,,,,,,2026-07-16T12:30:07.662927
201551,Kamela,Gissendanner,Kamela Gissendanner,0,0,,,,,,,,,,,,,2026-07-16T12:30:07.663127
201106,Chrissy,Givens,Chrissy Givens,0,0,,,,,,,,,,,,,2026-07-16T12:30:07.663327
200648,Emilie,Gomis,Emilie Gomis,0,0,,,,,,,,,,,,,2026-07-16T12:30:07.663529
1630438,Kysre,Gondrezick,Kysre Gondrezick,0,0,,,,,,,,,,,,,2026-07-16T12:30:07.663730
203067,Sasha,Goodlett,Sasha Goodlett,0,0,,,,,,,,,,,,,2026-07-16T12:30:07.663932
1630453,Aleah,Goodman,Aleah Goodman,0,0,,,,,,,,,,,,,2026-07-16T12:30:07.664135
203426,Angel,Goodrich,Angel Goodrich,0,0,,,,,,,,,,,,,2026-07-16T12:30:07.664337
100363,Adrienne,Goodson,Adrienne Goodson,0,0,,,,,,,,,,,,,2026-07-16T12:30:07.664541
100017,Bridgette,Gordon,Bridgette Gordon,0,0,,,,,,,,,,,,,2026-07-16T12:30:07.664746
1630110,Haley,Gorecki,Haley Gorecki,0,0,,,,,,,,,,,,,2026-07-16T12:30:07.664947
1627643,Cyesha,Goree,Cyesha Goree,0,0,,,,,,,,,,,,,2026-07-16T12:30:07.665151
201107,Gillian,Goring,Gillian Goring,0,0,,,,,,,,,,,,,2026-07-16T12:30:07.665352
100728,Shaunzinski,Gortman,Shaunzinski Gortman,0,0,,,,,,,,,,,,,2026-07-16T12:30:07.665563
100289,Margo,Graham,Margo Graham,0,0,,,,,,,,,,,,,2026-07-16T12:30:07.665765
200709,Erin,Grant,Erin Grant,0,0,,,,,,,,,,,,,2026-07-16T12:30:07.665964
1627689,Bashaara,Graves,Bashaara Graves,0,0,,,,,,,,,,,,,2026-07-16T12:30:07.666166
100021,Denique,Graves,Denique Graves,0,0,,,,,,,,,,,,,2026-07-16T12:30:07.666367
1628277,Allisha,Gray,Allisha Gray,1,1611661330,ATL,,,,,,,,,,,,2026-07-16T12:30:07.666568
1643462,Chance,Gray,Chance Gray,1,1611661320,LAS,,,,,,,,,,,,2026-07-16T12:30:07.666775
203833,Chelsea,Gray,Chelsea Gray,1,1611661319,LVA,,,,,,,,,,,,2026-07-16T12:30:07.666975
204334,Reshanda,Gray,Reshanda Gray,0,0,,,,,,,,,,,,,2026-07-16T12:30:07.667175
202280,Alexis,Gray-Lawson,Alexis Gray-Lawson,0,0,,,,,,,,,,,,,2026-07-16T12:30:07.667372
100881,Michelle,Greco,Michelle Greco,0,0,,,,,,,,,,,,,2026-07-16T12:30:07.667572
202253,Kalana,Greene,Kalana Greene,0,0,,,,,,,,,,,,,2026-07-16T12:30:07.667774
203423,Nikki,Greene,Nikki Greene,0,0,,,,,,,,,,,,,2026-07-16T12:30:07.667977
101057,Cisti,Greenwalt,Cisti Greenwalt,0,0,,,,,,,,,,,,,2026-07-16T12:30:07.668178
100476,Vedrana,Grgin Fonseca,Vedrana Grgin Fonseca,0,0,,,,,,,,,,,,,2026-07-16T12:30:07.668381
1642826,Aubrey,Griffin,Aubrey Griffin,0,0,,,,,,,,,,,,,2026-07-16T12:30:07.668583
202254,Kelsey,Griffin,Kelsey Griffin,0,0,,,,,,,,,,,,,2026-07-16T12:30:07.668785
100419,Yolanda,Griffith,Yolanda Griffith,0,0,,,,,,,,,,,,,2026-07-16T12:30:07.668988
203398,Brittney,Griner,Brittney Griner,1,1611661323,CON,,,,,,,,,,,,2026-07-16T12:30:07.669191
100044,Lady,Grooms,Lady Grooms,0,0,,,,,,,,,,,,,2026-07-16T12:30:07.669401
100394,Gordana,Grubin,Gordana Grubin,0,0,,,,,,,,,,,,,2026-07-16T12:30:07.669607
201058,Sandrine,Gruda,Sandrine Gruda,0,0,,,,,,,,,,,,,2026-07-16T12:30:07.669814
1630441,Arella,Guirantes,Arella Guirantes,0,0,,,,,,,,,,,,,2026-07-16T12:30:07.670020
1629484,Megan,Gustafson,Megan Gustafson,1,1611661327,PDX,,,,,,,,,,,,2026-07-16T12:30:07.670222
100074,Wanda,Guyton,Wanda Guyton,0,0,,,,,,,,,,,,,2026-07-16T12:30:07.670429
1627681,Jazmon,Gwathmey,Jazmon Gwathmey,0,0,,,,,,,,,,,,,2026-07-16T12:30:07.670634
1628895,Marie,Gülich,Marie Gülich,0,0,,,,,,,,,,,,,2026-07-16T12:30:07.670837
100019,Mikiko,Hagiwara,Mikiko Hagiwara,0,0,,,,,,,,,,,,,2026-07-16T12:30:07.671043
201057,Kamesha,Hairston,Kamesha Hairston,0,0,,,,,,,,,,,,,2026-07-16T12:30:07.671251
100516,Amber,Hall,Amber Hall,0,0,,,,,,,,,,,,,2026-07-16T12:30:07.671455
1642788,Bree,Hall,Bree Hall,1,1611661325,IND,,,,,,,,,,,,2026-07-16T12:30:07.671660
100458,Vicki,Hall,Vicki Hall,0,0,,,,,,,,,,,,,2026-07-16T12:30:07.671864
100270,Angela,Hamblin,Angela Hamblin,0,0,,,,,,,,,,,,,2026-07-16T12:30:07.672069
1627685,Ruth,Hamblin,Ruth Hamblin,0,0,,,,,,,,,,,,,2026-07-16T12:30:07.672272
204324,Dearica,Hamby,Dearica Hamby,1,1611661320,LAS,,,,,,,,,,,,2026-07-16T12:30:07.672474
100342,Becky,Hammon,Becky Hammon,0,0,,,,,,,,,,,,,2026-07-16T12:30:07.672675
203034,Keisha,Hampton,Keisha Hampton,0,0,,,,,,,,,,,,,2026-07-16T12:30:07.672878
100102,Kym,Hampton,Kym Hampton,0,0,,,,,,,,,,,,,2026-07-16T12:30:07.673080
203845,Jennifer,Hamson,Jennifer Hamson,0,0,,,,,,,,,,,,,2026-07-16T12:30:07.673283
1643490,Eliska,Hamzova,Eliska Hamzova,1,1611661324,MIN,,,,,,,,,,,,2026-07-16T12:30:07.673495
100517,Romana,Hamzova,Romana Hamzova,0,0,,,,,,,,,,,,,2026-07-16T12:30:07.673699
1629566,Han,Xu,Han Xu,1,1611661313,NYL,,,,,,,,,,,,2026-07-16T12:30:07.673900
204336,Alex,Harden,Alex Harden,0,0,,,,,,,,,,,,,2026-07-16T12:30:07.674104
201046,Lindsey,Harding,Lindsey Harding,0,0,,,,,,,,,,,,,2026-07-16T12:30:07.674304
1643450,Rori,Harmon,Rori Harmon,1,1611661322,WAS,,,,,,,,,,,,2026-07-16T12:30:07.674504
201509,Laura,Harper,Laura Harper,0,0,,,,,,,,,,,,,2026-07-16T12:30:07.674706
1628897,Linnae,Harper,Linnae Harper,0,0,,,,,,,,,,,,,2026-07-16T12:30:07.674910
100096,Donna,Harrington,Donna Harrington,0,0,,,,,,,,,,,,,2026-07-16T12:30:07.675111
202644,Amber,Harris,Amber Harris,0,0,,,,,,,,,,,,,2026-07-16T12:30:07.675312
100084,Fran,Harris,Fran Harris,0,0,,,,,,,,,,,,,2026-07-16T12:30:07.675520
1630112,Tyasha,Harris,Tyasha Harris,1,1611661325,IND,,,,,,,,,,,,2026-07-16T12:30:07.675723
204330,Isabelle,Harrison,Isabelle Harrison,1,1611661332,TOR,,,,,,,,,,,,2026-07-16T12:30:07.675925
1643527,Jordan,Harrison,Jordan Harrison,1,1611661327,PDX,,,,,,,,,,,,2026-07-16T12:30:07.676127
100378,Lisa,Harrison,Lisa Harrison,0,0,,,,,,,,,,,,,2026-07-16T12:30:07.676326
100222,Kristi,Harrower,Kristi Harrower,0,0,,,,,,,,,,,,,2026-07-16T12:30:07.676531
203829,Bria,Hartley,Bria Hartley,0,0,,,,,,,,,,,,,2026-07-16T12:30:07.676736
203418,Jasmine,Hassell,Jasmine Hassell,0,0,,,,,,,,,,,,,2026-07-16T12:30:07.676938
1630043,Bernadett,Hatar,Bernadett Hatar,0,0,,,,,,,,,,,,,2026-07-16T12:30:07.677141
203403,Tianna,Hawkins,Tianna Hawkins,0,0,,,,,,,,,,,,,2026-07-16T12:30:07.677338
100933,Vanessa,Hayden,Vanessa Hayden,0,0,,,,,,,,,,,,,2026-07-16T12:30:07.677547
203026,Tiffany,Hayes,Tiffany Hayes,1,1611661331,GSV,,,,,,,,,,,,2026-07-16T12:30:07.677750
101027,Kristin,Haynie,Kristin Haynie,0,0,,,,,,,,,,,,,2026-07-16T12:30:07.677954
100045,Dena,Head,Dena Head,0,0,,,,,,,,,,,,,2026-07-16T12:30:07.678154
1630385,Shyla,Heal,Shyla Heal,0,0,,,,,,,,,,,,,2026-07-16T12:30:07.678359
1630113,Ruthy,Hebard,Ruthy Hebard,0,0,,,,,,,,,,,,,2026-07-16T12:30:07.678560
1631118,Lexi,Held,Lexi Held,1,1611661317,PHX,,,,,,,,,,,,2026-07-16T12:30:07.678760
1631089,Destanni,Henderson,Destanni Henderson,0,0,,,,,,,,,,,,,2026-07-16T12:30:07.678958
100082,Nekeshia,Henderson,Nekeshia Henderson,0,0,,,,,,,,,,,,,2026-07-16T12:30:07.679158
100430,Tracy,Henderson,Tracy Henderson,0,0,,,,,,,,,,,,,2026-07-16T12:30:07.679358
100336,Sonja,Henning,Sonja Henning,0,0,,,,,,,,,,,,,2026-07-16T12:30:07.679557
1630114,Mikiah,Herbert Harrigan,Mikiah Herbert Harrigan,0,0,,,,,,,,,,,,,2026-07-16T12:30:07.679761
100549,Amy,Herrig,Amy Herrig,0,0,,,,,,,,,,,,,2026-07-16T12:30:07.679966
201048,Armintie,Herrington,Armintie Herrington,0,0,,,,,,,,,,,,,2026-07-16T12:30:07.680170
100538,Katrina,Hibbert,Katrina Hibbert,0,0,,,,,,,,,,,,,2026-07-16T12:30:07.680372
100048,Jessie,Hicks,Jessie Hicks,0,0,,,,,,,,,,,,,2026-07-16T12:30:07.680573
1629567,Natisha,Hiedeman,Natisha Hiedeman,1,1611661328,SEA,,,,,,,,,,,,2026-07-16T12:30:07.680776
202255,Allison,Hightower,Allison Hightower,0,0,,,,,,,,,,,,,2026-07-16T12:30:07.680976
100452,E.C.,Hill,E.C. Hill,0,0,,,,,,,,,,,,,2026-07-16T12:30:07.681179
203401,Tayler,Hill,Tayler Hill,0,0,,,,,,,,,,,,,2026-07-16T12:30:07.681377
1631044,Naz,Hillmon,Naz Hillmon,1,1611661330,ATL,,,,,,,,,,,,2026-07-16T12:30:07.681591
1628949,Khaalia,Hillsman,Khaalia Hillsman,0,0,,,,,,,,,,,,,2026-07-16T12:30:07.681794
1628899,Myisha,Hines-Allen,Myisha Hines-Allen,1,1611661325,IND,,,,,,,,,,,,2026-07-16T12:30:07.681997
100250,Korie,Hlede,Korie Hlede,0,0,,,,,,,,,,,,,2026-07-16T12:30:07.682201
100908,Korie,Hlede,Korie Hlede,0,0,,,,,,,,,,,,,2026-07-16T12:30:07.682404
101033,Roneeka,Hodges,Roneeka Hodges,0,0,,,,,,,,,,,,,2026-07-16T12:30:07.682607
1629581,Emese,Hof,Emese Hof,0,0,,,,,,,,,,,,,2026-07-16T12:30:07.682813
100928,Ebony,Hoffman,Ebony Hoffman,0,0,,,,,,,,,,,,,2026-07-16T12:30:07.683014
100356,Chamique,Holdsclaw,Chamique Holdsclaw,0,0,,,,,,,,,,,,,2026-07-16T12:30:07.683213
100421,Kedra,Holland-Corn,Kedra Holland-Corn,0,0,,,,,,,,,,,,,2026-07-16T12:30:07.683414
201895,Quanitra,Hollingsworth,Quanitra Hollingsworth,0,0,,,,,,,,,,,,,2026-07-16T12:30:07.683615
1627680,Rachel,Hollivay,Rachel Hollivay,0,0,,,,,,,,,,,,,2026-07-16T12:30:07.683813
1627678,Bria,Holmes,Bria Holmes,0,0,,,,,,,,,,,,,2026-07-16T12:30:07.684014
100351,Joy,Holmes,Joy Holmes,0,0,,,,,,,,,,,,,2026-07-16T12:30:07.684219
1630115,Joyner,Holmes,Joyner Holmes,0,0,,,,,,,,,,,,,2026-07-16T12:30:07.684421
1642307,Mackenzie,Holmes,Mackenzie Holmes,1,1611661328,SEA,,,,,,,,,,,,2026-07-16T12:30:07.684621
201530,Sequoia,Holmes,Sequoia Holmes,0,0,,,,,,,,,,,,,2026-07-16T12:30:07.684822
201483,Amber,Holt,Amber Holt,0,0,,,,,,,,,,,,,2026-07-16T12:30:07.685022
203835,Jordan,Hooper,Jordan Hooper,0,0,,,,,,,,,,,,,2026-07-16T12:30:07.685226
204348,Andrea,Hoover,Andrea Hoover,0,0,,,,,,,,,,,,,2026-07-16T12:30:07.685438
100408,Kym,Hope,Kym Hope,0,0,,,,,,,,,,,,,2026-07-16T12:30:07.685640
203563,Chelsea,Hopkins,Chelsea Hopkins,0,0,,,,,,,,,,,,,2026-07-16T12:30:07.685842
100071,Susie,Hopson-Shelton,Susie Hopson-Shelton,0,0,,,,,,,,,,,,,2026-07-16T12:30:07.686043
201487,Alexis,Hornbuckle,Alexis Hornbuckle,0,0,,,,,,,,,,,,,2026-07-16T12:30:07.686245
1641651,Jordan,Horston,Jordan Horston,1,1611661328,SEA,,,,,,,,,,,,2026-07-16T12:30:07.686444
201501,Charde,Houston,Charde Houston,0,0,,,,,,,,,,,,,2026-07-16T12:30:07.686643
202262,Ashley,Houts,Ashley Houts,0,0,,,,,,,,,,,,,2026-07-16T12:30:07.686845
1629500,Anriel,Howard,Anriel Howard,0,0,,,,,,,,,,,,,2026-07-16T12:30:07.687045
100431,Jennifer,Howard,Jennifer Howard,0,0,,,,,,,,,,,,,2026-07-16T12:30:07.687250
203827,Natasha,Howard,Natasha Howard,1,1611661324,MIN,,,,,,,,,,,,2026-07-16T12:30:07.687451
1631009,Rhyne,Howard,Rhyne Howard,1,1611661330,ATL,,,,,,,,,,,,2026-07-16T12:30:07.687657
204337,Brittany,Hrynko,Brittany Hrynko,0,0,,,,,,,,,,,,,2026-07-16T12:30:07.687859
1629570,Megan,Huff,Megan Huff,0,0,,,,,,,,,,,,,2026-07-16T12:30:07.688061
1631086,Lexie,Hull,Lexie Hull,1,1611661325,IND,,,,,,,,,,,,2026-07-16T12:30:07.688276
201488,Tasha,Humphrey,Tasha Humphrey,0,0,,,,,,,,,,,,,2026-07-16T12:30:07.688487
202645,Ify,Ibekwe,Ify Ibekwe,0,0,,,,,,,,,,,,,2026-07-16T12:30:07.688689
1629477,Sabrina,Ionescu,Sabrina Ionescu,1,1611661313,NYL,,,,,,,,,,,,2026-07-16T12:30:07.688891
1642792,Kiki,Iriafen,Kiki Iriafen,1,1611661322,WAS,,,,,,,,,,,,2026-07-16T12:30:07.689099
101021,Sandora,Irvin,Sandora Irvin,0,0,,,,,,,,,,,,,2026-07-16T12:30:07.689304
100364,Dalma,Ivanyi,Dalma Ivanyi,0,0,,,,,,,,,,,,,2026-07-16T12:30:07.689520
100650,Niele,Ivey,Niele Ivey,0,0,,,,,,,,,,,,,2026-07-16T12:30:07.689722
100197,Angela,Jackson,Angela Jackson,0,0,,,,,,,,,,,,,2026-07-16T12:30:07.689930
1643437,Ashlon,Jackson,Ashlon Jackson,1,1611661323,CON,,,,,,,,,,,,2026-07-16T12:30:07.690132
1629505,Chloe,Jackson,Chloe Jackson,0,0,,,,,,,,,,,,,2026-07-16T12:30:07.690330
100727,Deanna,Jackson,Deanna Jackson,0,0,,,,,,,,,,,,,2026-07-16T12:30:07.690529
100867,Gwen,Jackson,Gwen Jackson,0,0,,,,,,,,,,,,,2026-07-16T12:30:07.690732
100682,Lauren,Jackson,Lauren Jackson,0,0,,,,,,,,,,,,,2026-07-16T12:30:07.690933
1642288,Rickea,Jackson,Rickea Jackson,0,0,,,,,,,,,,,,,2026-07-16T12:30:07.691134
100496,Tamicha,Jackson,Tamicha Jackson,0,0,,,,,,,,,,,,,2026-07-16T12:30:07.691335
100077,Tammy,Jackson,Tammy Jackson,0,0,,,,,,,,,,,,,2026-07-16T12:30:07.691532
100034,Tia,Jackson,Tia Jackson,0,0,,,,,,,,,,,,,2026-07-16T12:30:07.691733
201050,Tiffany,Jackson,Tiffany Jackson,0,0,,,,,,,,,,,,,2026-07-16T12:30:07.691934
100935,Amber,Jacobs,Amber Jacobs,0,0,,,,,,,,,,,,,2026-07-16T12:30:07.692137
1642793,Aziaha,James,Aziaha James,1,1611661321,DAL,,,,,,,,,,,,2026-07-16T12:30:07.692340
203427,Jasmine,James,Jasmine James,0,0,,,,,,,,,,,,,2026-07-16T12:30:07.692541
200678,Tamara,James,Tamara James,0,0,,,,,,,,,,,,,2026-07-16T12:30:07.692748
201896,Briann,January,Briann January,0,0,,,,,,,,,,,,,2026-07-16T12:30:07.692958
1643447,Gabriela,Jaquez,Gabriela Jaquez,1,1611661329,CHI,,,,,,,,,,,,2026-07-16T12:30:07.693164
202647,Rachel,Jarry,Rachel Jarry,0,0,,,,,,,,,,,,,2026-07-16T12:30:07.693369
1627669,Moriah,Jefferson,Moriah Jefferson,0,0,,,,,,,,,,,,,2026-07-16T12:30:07.693580
203421,Chucky,Jeffery,Chucky Jeffery,0,0,,,,,,,,,,,,,2026-07-16T12:30:07.693780
201869,Anete,Jekabsone-Zogota,Anete Jekabsone-Zogota,0,0,,,,,,,,,,,,,2026-07-16T12:30:07.693979
1627704,Alisia,Jenkins,Alisia Jenkins,0,0,,,,,,,,,,,,,2026-07-16T12:30:07.694183
1642794,Juste,Jocyte,Juste Jocyte,1,1611661331,GSV,,,,,,,,,,,,2026-07-16T12:30:07.694389
1641653,Ashley,Joens,Ashley Joens,0,0,,,,,,,,,,,,,2026-07-16T12:30:07.694592
100939,Cathy,Joens,Cathy Joens,0,0,,,,,,,,,,,,,2026-07-16T12:30:07.694793
1629546,Marine,Johannes,Marine Johannes,1,1611661313,NYL,,,,,,,,,,,,2026-07-16T12:30:07.694995
100180,Pollyanna,Johns Kimbrough,Pollyanna Johns Kimbrough,0,0,,,,,,,,,,,,,2026-07-16T12:30:07.695193
100100,Adrienne,Johnson,Adrienne Johnson,0,0,,,,,,,,,,,,,2026-07-16T12:30:07.695395
100870,Chandra,Johnson,Chandra Johnson,0,0,,,,,,,,,,,,,2026-07-16T12:30:07.695597
1643428,Flau'jae,Johnson,Flau'jae Johnson,1,1611661328,SEA,,,,,,,,,,,,2026-07-16T12:30:07.695797
203017,Glory,Johnson,Glory Johnson,0,0,,,,,,,,,,,,,2026-07-16T12:30:07.695997
100668,Jaclyn,Johnson,Jaclyn Johnson,0,0,,,,,,,,,,,,,2026-07-16T12:30:07.696197
100242,LaTonya,Johnson,LaTonya Johnson,0,0,,,,,,,,,,,,,2026-07-16T12:30:07.696400
100290,Leslie,Johnson,Leslie Johnson,0,0,,,,,,,,,,,,,2026-07-16T12:30:07.696602
100369,Niesa,Johnson,Niesa Johnson,0,0,,,,,,,,,,,,,2026-07-16T12:30:07.696805
1643433,Raven,Johnson,Raven Johnson,1,1611661325,IND,,,,,,,,,,,,2026-07-16T12:30:07.697010
100410,Shannon,Johnson,Shannon Johnson,0,0,,,,,,,,,,,,,2026-07-16T12:30:07.697218
203018,Shenise,Johnson,Shenise Johnson,0,0,,,,,,,,,,,,,2026-07-16T12:30:07.697431
1630118,Stella,Johnson,Stella Johnson,0,0,,,,,,,,,,,,,2026-07-16T12:30:07.697635
101024,Temeka,Johnson,Temeka Johnson,0,0,,,,,,,,,,,,,2026-07-16T12:30:07.697840
100233,Tiffani,Johnson,Tiffani Johnson,0,0,,,,,,,,,,,,,2026-07-16T12:30:07.698043
100103,Vickie,Johnson,Vickie Johnson,0,0,,,,,,,,,,,,,2026-07-16T12:30:07.698246
100432,Kellie,Jolly Harper,Kellie Jolly Harper,0,0,,,,,,,,,,,,,2026-07-16T12:30:07.698448
1628283,Alexis,Jones,Alexis Jones,0,0,,,,,,,,,,,,,2026-07-16T12:30:07.698653
100723,Asjha,Jones,Asjha Jones,0,0,,,,,,,,,,,,,2026-07-16T12:30:07.698854
1628280,Brionna,Jones,Brionna Jones,1,1611661330,ATL,,,,,,,,,,,,2026-07-16T12:30:07.699055
100941,Chandi,Jones,Chandi Jones,0,0,,,,,,,,,,,,,2026-07-16T12:30:07.699257
1641650,Haley,Jones,Haley Jones,1,1611661321,DAL,,,,,,,,,,,,2026-07-16T12:30:07.699459
100558,Jameka,Jones,Jameka Jones,0,0,,,,,,,,,,,,,2026-07-16T12:30:07.699659
1630119,Jazmine,Jones,Jazmine Jones,0,0,,,,,,,,,,,,,2026-07-16T12:30:07.699860
1627673,Jonquel,Jones,Jonquel Jones,1,1611661313,NYL,,,,,,,,,,,,2026-07-16T12:30:07.700062
100454,Larecha,Jones,Larecha Jones,0,0,,,,,,,,,,,,,2026-07-16T12:30:07.700264
100887,Marion,Jones,Marion Jones,0,0,,,,,,,,,,,,,2026-07-16T12:30:07.700464
100092,Merlakia,Jones,Merlakia Jones,0,0,,,,,,,,,,,,,2026-07-16T12:30:07.700664
1630120,Stephanie,Jones,Stephanie Jones,0,0,,,,,,,,,,,,,2026-07-16T12:30:07.700869
100223,Pauline,Jordan,Pauline Jordan,0,0,,,,,,,,,,,,,2026-07-16T12:30:07.701069
1641657,Dorka,Juhasz,Dorka Juhasz,1,1611661324,MIN,,,,,,,,,,,,2026-07-16T12:30:07.701269
1643420,Laura,Juskaite,Laura Juskaite,1,1611661332,TOR,,,,,,,,,,,,2026-07-16T12:30:07.701481
1642534,Ezinne,Kalu,Ezinne Kalu,0,0,,,,,,,,,,,,,2026-07-16T12:30:07.701685
100251,Aneta,Kausaite,Aneta Kausaite,0,0,,,,,,,,,,,,,2026-07-16T12:30:07.701887
1629502,Paris,Kea,Paris Kea,0,0,,,,,,,,,,,,,2026-07-16T12:30:07.702092
204352,Shae,Kelley,Shae Kelley,0,0,,,,,,,,,,,,,2026-07-16T12:30:07.702297
201494,Crystal,Kelly,Crystal Kelly,0,0,,,,,,,,,,,,,2026-07-16T12:30:07.702501
1643457,Teonni,Key,Teonni Key,1,1611661332,TOR,,,,,,,,,,,,2026-07-16T12:30:07.702703
204331,Brianna,Kiesel,Brianna Kiesel,0,0,,,,,,,,,,,,,2026-07-16T12:30:07.702906
1642820,Liatu,King,Liatu King,1,1611661324,MIN,,,,,,,,,,,,2026-07-16T12:30:07.703110
101078,Susan,King-Borchardt,Susan King-Borchardt,0,0,,,,,,,,,,,,,2026-07-16T12:30:07.703311
100626,Jae,Kingi-Cross,Jae Kingi-Cross,0,0,,,,,,,,,,,,,2026-07-16T12:30:07.703511
1642295,Elizabeth,Kitley,Elizabeth Kitley,0,0,,,,,,,,,,,,,2026-07-16T12:30:07.703713
203041,Lynetta,Kizer,Lynetta Kizer,0,0,,,,,,,,,,,,,2026-07-16T12:30:07.703916
100737,Zuzana,Klimesova,Zuzana Klimesova,0,0,,,,,,,,,,,,,2026-07-16T12:30:07.704118
1628926,Maria,Kliundikova,Maria Kliundikova,0,0,,,,,,,,,,,,,2026-07-16T12:30:07.704323
1643429,Gianna,Kneepkens,Gianna Kneepkens,1,1611661323,CON,,,,,,,,,,,,2026-07-16T12:30:07.704527
1627682,Whitney,Knight,Whitney Knight,0,0,,,,,,,,,,,,,2026-07-16T12:30:07.704729
202318,Ewelina,Kobryn,Ewelina Kobryn,0,0,,,,,,,,,,,,,2026-07-16T12:30:07.704929
101084,Laurie,Koehn,Laurie Koehn,0,0,,,,,,,,,,,,,2026-07-16T12:30:07.705131
1631021,Sika,Kone,Sika Kone,1,1611661330,ATL,,,,,,,,,,,,2026-07-16T12:30:07.705332
100671,Ilona,Korstine,Ilona Korstine,0,0,,,,,,,,,,,,,2026-07-16T12:30:07.705538
100055,Greta,Koss,Greta Koss,0,0,,,,,,,,,,,,,2026-07-16T12:30:07.705742
100786,Anastasia,Kostaki,Anastasia Kostaki,0,0,,,,,,,,,,,,,2026-07-16T12:30:07.705950
100186,Tanja,Kostic,Tanja Kostic,0,0,,,,,,,,,,,,,2026-07-16T12:30:07.706151
1642797,Anastasiia,Olairi Kosu,Anastasiia Olairi Kosu,1,1611661324,MIN,,,,,,,,,,,,2026-07-16T12:30:07.706352
101049,Cathrine,Kraayeveld,Cathrine Kraayeveld,0,0,,,,,,,,,,,,,2026-07-16T12:30:07.706553
1630961,Tina,Krajisnik,Tina Krajisnik,0,0,,,,,,,,,,,,,2026-07-16T12:30:07.706752
100477,Nicole,Kubik,Nicole Kubik,0,0,,,,,,,,,,,,,2026-07-16T12:30:07.706952
1630386,Awak,Kuier,Awak Kuier,1,1611661321,DAL,,,,,,,,,,,,2026-07-16T12:30:07.707152
100224,Andrea,Kuklova,Andrea Kuklova,0,0,,,,,,,,,,,,,2026-07-16T12:30:07.707354
1642303,Leila,Lacan,Leila Lacan,1,1611661323,CON,,,,,,,,,,,,2026-07-16T12:30:07.707554
202256,Alison,Lacey,Alison Lacey,0,0,,,,,,,,,,,,,2026-07-16T12:30:07.707758
101080,Jennifer,Lacy,Jennifer Lacy,0,0,,,,,,,,,,,,,2026-07-16T12:30:07.707960
201490,Natasha,Lacy,Natasha Lacy,0,0,,,,,,,,,,,,,2026-07-16T12:30:07.708161
100425,Venus,Lacy,Venus Lacy,0,0,,,,,,,,,,,,,2026-07-16T12:30:07.708365
1629490,Kitija,Laksa,Kitija Laksa,0,0,,,,,,,,,,,,,2026-07-16T12:30:07.708567
100207,Monica,Lamb,Monica Lamb,0,0,,,,,,,,,,,,,2026-07-16T12:30:07.708767
1643154,Kyra,Lambert,Kyra Lambert,0,0,,,,,,,,,,,,,2026-07-16T12:30:07.708969
100726,Sheila,Lambert,Sheila Lambert,0,0,,,,,,,,,,,,,2026-07-16T12:30:07.709172
204335,Betnijah,Laney-Hamilton,Betnijah Laney-Hamilton,1,1611661313,NYL,,,,,,,,,,,,2026-07-16T12:30:07.709374
100379,Merlelynn,Lang-Harris,Merlelynn Lang-Harris,0,0,,,,,,,,,,,,,2026-07-16T12:30:07.709583
201518,Crystal,Langhorne,Crystal Langhorne,0,0,,,,,,,,,,,,,2026-07-16T12:30:07.709785
100365,Krystyna,Lara,Krystyna Lara,0,0,,,,,,,,,,,,,2026-07-16T12:30:07.709989
201503,Erlana,Larkins,Erlana Larkins,0,0,,,,,,,,,,,,,2026-07-16T12:30:07.710197
100642,Amanda,Lassiter,Amanda Lassiter,0,0,,,,,,,,,,,,,2026-07-16T12:30:07.710403
1643444,Ta'Niya,Latson,Ta'Niya Latson,1,1611661319,LVA,,,,,,,,,,,,2026-07-16T12:30:07.710610
201056,Ivory,Latta,Ivory Latta,0,0,,,,,,,,,,,,,2026-07-16T12:30:07.710812
202650,Jantel,Lavender,Jantel Lavender,0,0,,,,,,,,,,,,,2026-07-16T12:30:07.711014
100874,Kara,Lawson,Kara Lawson,0,0,,,,,,,,,,,,,2026-07-16T12:30:07.711214
101018,Edwige,Lawson-Wade,Edwige Lawson-Wade,0,0,,,,,,,,,,,,,2026-07-16T12:30:07.711417
100663,Katarina,Lazic,Katarina Lazic,0,0,,,,,,,,,,,,,2026-07-16T12:30:07.711621
1643449,Charlisse,Leger-Walker,Charlisse Leger-Walker,1,1611661323,CON,,,,,,,,,,,,2026-07-16T12:30:07.711823
201898,Shalee,Lehning,Shalee Lehning,0,0,,,,,,,,,,,,,2026-07-16T12:30:07.712024
1642304,Carla,Leite,Carla Leite,1,1611661327,PDX,,,,,,,,,,,,2026-07-16T12:30:07.712223
100484,Betty,Lennox,Betty Lennox,0,0,,,,,,,,,,,,,2026-07-16T12:30:07.712426
1629506,Kiara,Leslie,Kiara Leslie,0,0,,,,,,,,,,,,,2026-07-16T12:30:07.712627
100003,Lisa,Leslie,Lisa Leslie,0,0,,,,,,,,,,,,,2026-07-16T12:30:07.712829
200715,Yelena,Leuchanka,Yelena Leuchanka,0,0,,,,,,,,,,,,,2026-07-16T12:30:07.713030
100653,Nicole,Levandusky,Nicole Levandusky,0,0,,,,,,,,,,,,,2026-07-16T12:30:07.713228
100155,Nicole,Levesque,Nicole Levesque,0,0,,,,,,,,,,,,,2026-07-16T12:30:07.713441
1628292,Breanna,Lewis,Breanna Lewis,0,0,,,,,,,,,,,,,2026-07-16T12:30:07.713643
100931,Doneeka,Lewis,Doneeka Lewis,0,0,,,,,,,,,,,,,2026-07-16T12:30:07.713848
100754,TaKeisha,Lewis,TaKeisha Lewis,0,0,,,,,,,,,,,,,2026-07-16T12:30:07.714049
100643,Tynesha,Lewis,Tynesha Lewis,0,0,,,,,,,,,,,,,2026-07-16T12:30:07.714249
101000,Miao,Li jie,Miao Li jie,0,0,,,,,,,,,,,,,2026-07-16T12:30:07.714454
100032,Nancy,Lieberman,Nancy Lieberman,0,0,,,,,,,,,,,,,2026-07-16T12:30:07.714656
202316,Taylor,Lilley,Taylor Lilley,0,0,,,,,,,,,,,,,2026-07-16T12:30:07.714855
1642768,Kyara,Linskens,Kyara Linskens,1,1611661317,PHX,,,,,,,,,,,,2026-07-16T12:30:07.715054
203870,Jasmine,Lister,Jasmine Lister,0,0,,,,,,,,,,,,,2026-07-16T12:30:07.715255
203834,Tricia,Liston,Tricia Liston,0,0,,,,,,,,,,,,,2026-07-16T12:30:07.715456
1643440,Darianna,Littlepage-Buggs,Darianna Littlepage-Buggs,1,1611661322,WAS,,,,,,,,,,,,2026-07-16T12:30:07.715656
100402,Andrea,Lloyd-Curry,Andrea Lloyd-Curry,0,0,,,,,,,,,,,,,2026-07-16T12:30:07.715857
100002,Rebecca,Lobo,Rebecca Lobo,0,0,,,,,,,,,,,,,2026-07-16T12:30:07.716058
204328,Samantha,Logic,Samantha Logic,0,0,,,,,,,,,,,,,2026-07-16T12:30:07.716262
1641661,Lou,Lopez Senechal,Lou Lopez Senechal,0,0,,,,,,,,,,,,,2026-07-16T12:30:07.716464
1628905,Raigyne,Louis,Raigyne Louis,0,0,,,,,,,,,,,,,2026-07-16T12:30:07.716669
100470,Stacey,Lovelace,Stacey Lovelace,0,0,,,,,,,,,,,,,2026-07-16T12:30:07.716868
204319,Jewell,Loyd,Jewell Loyd,1,1611661319,LVA,,,,,,,,,,,,2026-07-16T12:30:07.717070
203843,Maggie,Lucas,Maggie Lucas,0,0,,,,,,,,,,,,,2026-07-16T12:30:07.717273
100675,Pat,Luckey,Pat Luckey,0,0,,,,,,,,,,,,,2026-07-16T12:30:07.717481
100694,Helen,Luz,Helen Luz,0,0,,,,,,,,,,,,,2026-07-16T12:30:07.717681
101023,Sancho,Lyttle,Sancho Lyttle,0,0,,,,,,,,,,,,,2026-07-16T12:30:07.717880
100012,Mwadi,Mabika,Mwadi Mabika,0,0,,,,,,,,,,,,,2026-07-16T12:30:07.718079
1629497,Marina,Mabrey,Marina Mabrey,1,1611661332,TOR,,,,,,,,,,,,2026-07-16T12:30:07.718288
203887,Victoria,Macaulay,Victoria Macaulay,0,0,,,,,,,,,,,,,2026-07-16T12:30:07.718492
100987,Laura,Macchi,Laura Macchi,0,0,,,,,,,,,,,,,2026-07-16T12:30:07.718692
100395,Clarisse,Machanguana,Clarisse Machanguana,0,0,,,,,,,,,,,,,2026-07-16T12:30:07.718898
1630957,Rui,Machida,Rui Machida,0,0,,,,,,,,,,,,,2026-07-16T12:30:07.719098
1630442,Natasha,Mack,Natasha Mack,1,1611661317,PHX,,,,,,,,,,,,2026-07-16T12:30:07.719296
204298,Tess,Madgen,Tess Madgen,0,0,,,,,,,,,,,,,2026-07-16T12:30:07.719497
1629496,Ezi,Magbegor,Ezi Magbegor,1,1611661328,SEA,,,,,,,,,,,,2026-07-16T12:30:07.719699
101056,Megan,Mahoney,Megan Mahoney,0,0,,,,,,,,,,,,,2026-07-16T12:30:07.719898
100512,Shea,Mahoney,Shea Mahoney,0,0,,,,,,,,,,,,,2026-07-16T12:30:07.720096
100731,Hamchetou,Maiga-Ba,Hamchetou Maiga-Ba,0,0,,,,,,,,,,,,,2026-07-16T12:30:07.720300
1643473,Taina,Mair,Taina Mair,1,1611661328,SEA,,,,,,,,,,,,2026-07-16T12:30:07.720505
100518,Nadine,Malcolm,Nadine Malcolm,0,0,,,,,,,,,,,,,2026-07-16T12:30:07.720706
1630993,Anneli,Maley,Anneli Maley,1,1611661313,NYL,,,,,,,,,,,,2026-07-16T12:30:07.720910
100833,Sonja,Mallory,Sonja Mallory,0,0,,,,,,,,,,,,,2026-07-16T12:30:07.721112
1642798,Dominique,Malonga,Dominique Malonga,1,1611661328,SEA,,,,,,,,,,,,2026-07-16T12:30:07.721316
204326,Ally,Malott,Ally Malott,0,0,,,,,,,,,,,,,2026-07-16T12:30:07.721523
201140,Evanthia,Maltsi,Evanthia Maltsi,0,0,,,,,,,,,,,,,2026-07-16T12:30:07.721724
101029,Kristen,Mann,Kristen Mann,0,0,,,,,,,,,,,,,2026-07-16T12:30:07.721929
100063,Sharon,Manning,Sharon Manning,0,0,,,,,,,,,,,,,2026-07-16T12:30:07.722132
100060,Rhonda,Mapp,Rhonda Mapp,0,0,,,,,,,,,,,,,2026-07-16T12:30:07.722337
100570,Michelle,Marciniak,Michelle Marciniak,0,0,,,,,,,,,,,,,2026-07-16T12:30:07.722535
202276,Gabriela,Marginean,Gabriela Marginean,0,0,,,,,,,,,,,,,2026-07-16T12:30:07.722736
1642796,Rayah,Marshall,Rayah Marshall,0,0,,,,,,,,,,,,,2026-07-16T12:30:07.722942
1642324,Kate,Martin,Kate Martin,1,1611661320,LAS,,,,,,,,,,,,2026-07-16T12:30:07.723150
100485,Maylana,Martin,Maylana Martin,0,0,,,,,,,,,,,,,2026-07-16T12:30:07.723353
100945,Nuria,Martinez,Nuria Martinez,0,0,,,,,,,,,,,,,2026-07-16T12:30:07.723553
100988,Raffaella,Masciadri,Raffaella Masciadri,0,0,,,,,,,,,,,,,2026-07-16T12:30:07.723757
100557,Tonya,Massaline,Tonya Massaline,0,0,,,,,,,,,,,,,2026-07-16T12:30:07.723958
203407,A'dia,Mathies,A'dia Mathies,0,0,,,,,,,,,,,,,2026-07-16T12:30:07.724157
101064,Caity,Matter,Caity Matter,0,0,,,,,,,,,,,,,2026-07-16T12:30:07.724359
101026,Katie,Mattera,Katie Mattera,0,0,,,,,,,,,,,,,2026-07-16T12:30:07.724559
1628906,Stephanie,Mavunga,Stephanie Mavunga,0,0,,,,,,,,,,,,,2026-07-16T12:30:07.724760
100094,Anita,Maxwell,Anita Maxwell,0,0,,,,,,,,,,,,,2026-07-16T12:30:07.724960
100357,Monica,Maxwell,Monica Maxwell,0,0,,,,,,,,,,,,,2026-07-16T12:30:07.725164
100920,Kelly,Mazzante,Kelly Mazzante,0,0,,,,,,,,,,,,,2026-07-16T12:30:07.725362
203825,Kayla,McBride,Kayla McBride,1,1611661324,MIN,,,,,,,,,,,,2026-07-16T12:30:07.725565
100744,Brandi,McCain,Brandi McCain,0,0,,,,,,,,,,,,,2026-07-16T12:30:07.725761
100521,Tiffany,McCain,Tiffany McCain,0,0,,,,,,,,,,,,,2026-07-16T12:30:07.725962
1628286,Erica,McCall,Erica McCall,0,0,,,,,,,,,,,,,2026-07-16T12:30:07.726163
201901,Rashanda,McCants,Rashanda McCants,0,0,,,,,,,,,,,,,2026-07-16T12:30:07.726365
1628907,Brooke,McCarty-Williams,Brooke McCarty-Williams,0,0,,,,,,,,,,,,,2026-07-16T12:30:07.726567
101019,Janel,McCarville,Janel McCarville,0,0,,,,,,,,,,,,,2026-07-16T12:30:07.726766
1642799,Megan,McConnell,Megan McConnell,0,0,,,,,,,,,,,,,2026-07-16T12:30:07.726966
100187,Suzie,McConnell Serio,Suzie McConnell Serio,0,0,,,,,,,,,,,,,2026-07-16T12:30:07.727169
201881,Angel,McCoughtry,Angel McCoughtry,0,0,,,,,,,,,,,,,2026-07-16T12:30:07.727370
1629479,Teaira,McCowan,Teaira McCowan,0,0,,,,,,,,,,,,,2026-07-16T12:30:07.727579
202263,Danielle,McCray,Danielle McCray,0,0,,,,,,,,,,,,,2026-07-16T12:30:07.727783
100198,Nikki,McCray,Nikki McCray,0,0,,,,,,,,,,,,,2026-07-16T12:30:07.727989
100069,Penny,"McCray, Nikki (","Penny McCray, Nikki (",0,0,,,,,,,,,,,,,2026-07-16T12:30:07.728192
100478,Nicky,McCrimmon,Nicky McCrimmon,0,0,,,,,,,,,,,,,2026-07-16T12:30:07.728396
100471,Danielle,McCulley,Danielle McCulley,0,0,,,,,,,,,,,,,2026-07-16T12:30:07.728602
1630462,Aari,McDonald,Aari McDonald,0,0,,,,,,,,,,,,,2026-07-16T12:30:07.728804
100020,Pam,McGee,Pam McGee,0,0,,,,,,,,,,,,,2026-07-16T12:30:07.729008
1627677,Imani,McGee-Stafford,Imani McGee-Stafford,0,0,,,,,,,,,,,,,2026-07-16T12:30:07.729210
100411,Carla,McGhee,Carla McGhee,0,0,,,,,,,,,,,,,2026-07-16T12:30:07.729415
203414,Nadirah,McKenith,Nadirah McKenith,0,0,,,,,,,,,,,,,2026-07-16T12:30:07.729616
203881,Shanece,McKinney,Shanece McKinney,0,0,,,,,,,,,,,,,2026-07-16T12:30:07.729816
1643430,Cotie,McMahon,Cotie McMahon,1,1611661322,WAS,,,,,,,,,,,,2026-07-16T12:30:07.730017
100412,Taj,McWilliams-Franklin,Taj McWilliams-Franklin,0,0,,,,,,,,,,,,,2026-07-16T12:30:07.730219
203416,Emma,Meesseman,Emma Meesseman,0,0,,,,,,,,,,,,,2026-07-16T12:30:07.730423
1631141,Jade,Melbourne,Jade Melbourne,1,1611661328,SEA,,,,,,,,,,,,2026-07-16T12:30:07.730623
100433,Chasity,Melvin,Chasity Melvin,0,0,,,,,,,,,,,,,2026-07-16T12:30:07.730825
100984,Giuliana,Mendiola,Giuliana Mendiola,0,0,,,,,,,,,,,,,2026-07-16T12:30:07.731024
1641642,Li,Meng,Li Meng,0,0,,,,,,,,,,,,,2026-07-16T12:30:07.731225
1629470,Kim,Mestdagh,Kim Mestdagh,0,0,,,,,,,,,,,,,2026-07-16T12:30:07.731427
1641671,Abby,Meyers,Abby Meyers,0,0,,,,,,,,,,,,,2026-07-16T12:30:07.731629
1641659,Taylor,Mikesell,Taylor Mikesell,0,0,,,,,,,,,,,,,2026-07-16T12:30:07.731836
1643426,Olivia,Miles,Olivia Miles,1,1611661324,MIN,,,,,,,,,,,,2026-07-16T12:30:07.732038
1631263,Nikolina,Milic,Nikolina Milic,0,0,,,,,,,,,,,,,2026-07-16T12:30:07.732239
201902,Britany,Miller,Britany Miller,0,0,,,,,,,,,,,,,2026-07-16T12:30:07.732436
100690,Coco,Miller,Coco Miller,0,0,,,,,,,,,,,,,2026-07-16T12:30:07.732634
1641649,Diamond,Miller,Diamond Miller,1,1611661323,CON,,,,,,,,,,,,2026-07-16T12:30:07.732832
100627,Kelly,Miller,Kelly Miller,0,0,,,,,,,,,,,,,2026-07-16T12:30:07.733037
100851,Teana,Miller,Teana Miller,0,0,,,,,,,,,,,,,2026-07-16T12:30:07.733239
100555,Tausha,Mills,Tausha Mills,0,0,,,,,,,,,,,,,2026-07-16T12:30:07.733446
201903,Jelena,Milovanovic,Jelena Milovanovic,0,0,,,,,,,,,,,,,2026-07-16T12:30:07.733647
100396,DeLisha,Milton-Jones,DeLisha Milton-Jones,0,0,,,,,,,,,,,,,2026-07-16T12:30:07.733847
100876,Sun,Min Jung,Sun Min Jung,0,0,,,,,,,,,,,,,2026-07-16T12:30:07.734048
1628909,Kelsey,Mitchell,Kelsey Mitchell,1,1611661325,IND,,,,,,,,,,,,2026-07-16T12:30:07.734250
201507,Leilani,Mitchell,Leilani Mitchell,0,0,,,,,,,,,,,,,2026-07-16T12:30:07.734455
1627676,Tiffany,Mitchell,Tiffany Mitchell,0,0,,,,,,,,,,,,,2026-07-16T12:30:07.734656
1628866,Endy,Miyem,Endy Miyem,0,0,,,,,,,,,,,,,2026-07-16T12:30:07.734859
200688,Liz,Moeggenberg,Liz Moeggenberg,0,0,,,,,,,,,,,,,2026-07-16T12:30:07.735061
100718,Adriana,Moises Pinto,Adriana Moises Pinto,0,0,,,,,,,,,,,,,2026-07-16T12:30:07.735261
202264,Chanel,Mokango,Chanel Mokango,0,0,,,,,,,,,,,,,2026-07-16T12:30:07.735461
1629492,Beatrice,Mompremier,Beatrice Mompremier,0,0,,,,,,,,,,,,,2026-07-16T12:30:07.735663
202261,Jacinta,Monroe,Jacinta Monroe,0,0,,,,,,,,,,,,,2026-07-16T12:30:07.735864
101065,Anna,Montanana,Anna Montanana,0,0,,,,,,,,,,,,,2026-07-16T12:30:07.736074
202652,Alex,Montgomery,Alex Montgomery,0,0,,,,,,,,,,,,,2026-07-16T12:30:07.736276
1628298,Lanay,Montgomery,Lanay Montgomery,0,0,,,,,,,,,,,,,2026-07-16T12:30:07.736476
201904,Renee,Montgomery,Renee Montgomery,0,0,,,,,,,,,,,,,2026-07-16T12:30:07.736678
100680,Jackie,Moore,Jackie Moore,0,0,,,,,,,,,,,,,2026-07-16T12:30:07.736884
101042,Jessica,Moore,Jessica Moore,0,0,,,,,,,,,,,,,2026-07-16T12:30:07.737087
203409,Lindsey,Moore,Lindsey Moore,0,0,,,,,,,,,,,,,2026-07-16T12:30:07.737287
101028,Loree,Moore,Loree Moore,0,0,,,,,,,,,,,,,2026-07-16T12:30:07.737495
202632,Maya,Moore,Maya Moore,0,0,,,,,,,,,,,,,2026-07-16T12:30:07.737698
201077,Navonda,Moore,Navonda Moore,0,0,,,,,,,,,,,,,2026-07-16T12:30:07.737897
100374,Penny,Moore,Penny Moore,0,0,,,,,,,,,,,,,2026-07-16T12:30:07.738108
100734,Tamara,Moore,Tamara Moore,0,0,,,,,,,,,,,,,2026-07-16T12:30:07.738311
100085,Yolanda,Moore,Yolanda Moore,0,0,,,,,,,,,,,,,2026-07-16T12:30:07.738512
100674,Carolyn,Moos,Carolyn Moos,0,0,,,,,,,,,,,,,2026-07-16T12:30:07.738715
202623,Aneika,Morello,Aneika Morello,0,0,,,,,,,,,,,,,2026-07-16T12:30:07.738914
202680,Darxia,Morris,Darxia Morris,0,0,,,,,,,,,,,,,2026-07-16T12:30:07.739113
202265,Jene,Morris,Jene Morris,0,0,,,,,,,,,,,,,2026-07-16T12:30:07.739310
203001,Ziomara,Morrison,Ziomara Morrison,0,0,,,,,,,,,,,,,2026-07-16T12:30:07.739512
1642800,Aneesah,Morrow,Aneesah Morrow,1,1611661323,CON,,,,,,,,,,,,2026-07-16T12:30:07.739714
201051,Bernice,Mosby,Bernice Mosby,0,0,,,,,,,,,,,,,2026-07-16T12:30:07.739916
1627688,Brene,Moseley,Brene Moseley,0,0,,,,,,,,,,,,,2026-07-16T12:30:07.740120
100018,Judy,Mosley-McAfee,Judy Mosley-McAfee,0,0,,,,,,,,,,,,,2026-07-16T12:30:07.740322
204321,Kaleena,Mosqueda-Lewis,Kaleena Mosqueda-Lewis,0,0,,,,,,,,,,,,,2026-07-16T12:30:07.740530
100678,Jenny,Mowe,Jenny Mowe,0,0,,,,,,,,,,,,,2026-07-16T12:30:07.740737
1642299,Nika,Muhl,Nika Muhl,0,0,,,,,,,,,,,,,2026-07-16T12:30:07.740938
1628911,Teana,Muldrow,Teana Muldrow,0,0,,,,,,,,,,,,,2026-07-16T12:30:07.741140
100551,Naomi,Mulitauaopele,Naomi Mulitauaopele,0,0,,,,,,,,,,,,,2026-07-16T12:30:07.741342
201062,Shay,Murphy,Shay Murphy,0,0,,,,,,,,,,,,,2026-07-16T12:30:07.741557
1642774,Murjanatu,Musa,Murjanatu Musa,0,0,,,,,,,,,,,,,2026-07-16T12:30:07.741759
1643479,Ndjakalenga,Mwenentanda,Ndjakalenga Mwenentanda,0,0,,,,,,,,,,,,,2026-07-16T12:30:07.741963
200707,Christelle,N'Garsanet,Christelle N'Garsanet,0,0,,,,,,,,,,,,,2026-07-16T12:30:07.742164
100353,Andrea,Nagy,Andrea Nagy,0,0,,,,,,,,,,,,,2026-07-16T12:30:07.742366
101075,Chen,Nan,Chen Nan,0,0,,,,,,,,,,,,,2026-07-16T12:30:07.742567
1628913,Jaime,Nared,Jaime Nared,0,0,,,,,,,,,,,,,2026-07-16T12:30:07.742769
100387,Astou,Ndiaye-Diatta,Astou Ndiaye-Diatta,0,0,,,,,,,,,,,,,2026-07-16T12:30:07.742976
200670,Emmeline,Ndongue,Emmeline Ndongue,0,0,,,,,,,,,,,,,2026-07-16T12:30:07.743176
203838,Astou,Ndour-Fall,Astou Ndour-Fall,0,0,,,,,,,,,,,,,2026-07-16T12:30:07.743378
1631135,Olivia,Nelson-Ododa,Olivia Nelson-Ododa,1,1611661323,CON,,,,,,,,,,,,2026-07-16T12:30:07.743578
100091,Eva,Nemcova,Eva Nemcova,0,0,,,,,,,,,,,,,2026-07-16T12:30:07.743783
100386,Claudia,Neves,Claudia Neves,0,0,,,,,,,,,,,,,2026-07-16T12:30:07.743985
100797,Claudia,Neves,Claudia Neves,0,0,,,,,,,,,,,,,2026-07-16T12:30:07.744187
101040,Chelsea,Newton,Chelsea Newton,0,0,,,,,,,,,,,,,2026-07-16T12:30:07.744394
100807,Bernadette,Ngoyisa,Bernadette Ngoyisa,0,0,,,,,,,,,,,,,2026-07-16T12:30:07.744596
100093,Tina,Nicholson,Tina Nicholson,0,0,,,,,,,,,,,,,2026-07-16T12:30:07.744803
101004,Marlous,Nieuwveen,Marlous Nieuwveen,0,0,,,,,,,,,,,,,2026-07-16T12:30:07.745010
100439,Mila,Nikolich,Mila Nikolich,0,0,,,,,,,,,,,,,2026-07-16T12:30:07.745218
1643469,Indya,Nivar,Indya Nivar,1,1611661330,ATL,,,,,,,,,,,,2026-07-16T12:30:07.745429
201514,Chioma,Nnamaka,Chioma Nnamaka,0,0,,,,,,,,,,,,,2026-07-16T12:30:07.745633
1643505,Jovana,Nogic,Jovana Nogic,1,1611661317,PHX,,,,,,,,,,,,2026-07-16T12:30:07.745839
100639,Deanna,Nolan,Deanna Nolan,0,0,,,,,,,,,,,,,2026-07-16T12:30:07.746039
203021,Natalie,Novosel,Natalie Novosel,0,0,,,,,,,,,,,,,2026-07-16T12:30:07.746239
1628915,Kia,Nurse,Kia Nurse,1,1611661332,TOR,,,,,,,,,,,,2026-07-16T12:30:07.746442
1642801,Aaliyah,Nye,Aaliyah Nye,1,1611661330,ATL,,,,,,,,,,,,2026-07-16T12:30:07.746645
100215,Vanessa,Nygaard,Vanessa Nygaard,0,0,,,,,,,,,,,,,2026-07-16T12:30:07.746848
202626,Jenna,O'Hea,Jenna O'Hea,0,0,,,,,,,,,,,,,2026-07-16T12:30:07.747051
204362,Jennifer,O'Neill,Jennifer O'Neill,0,0,,,,,,,,,,,,,2026-07-16T12:30:07.747258
201475,Kristen,O'Neill,Kristen O'Neill,0,0,,,,,,,,,,,,,2026-07-16T12:30:07.747460
1643506,Teja,Oblak,Teja Oblak,1,1611661327,PDX,,,,,,,,,,,,2026-07-16T12:30:07.747662
1630127,Leaonna,Odom,Leaonna Odom,0,0,,,,,,,,,,,,,2026-07-16T12:30:07.747863
201544,Yuko,Oga,Yuko Oga,0,0,,,,,,,,,,,,,2026-07-16T12:30:07.748061
1629481,Arike,Ogunbowale,Arike Ogunbowale,1,1611661321,DAL,,,,,,,,,,,,2026-07-16T12:30:07.748260
203823,Chiney,Ogwumike,Chiney Ogwumike,0,0,,,,,,,,,,,,,2026-07-16T12:30:07.748469
203014,Nneka,Ogwumike,Nneka Ogwumike,1,1611661320,LAS,,,,,,,,,,,,2026-07-16T12:30:07.748677
100932,Nicole,Ohlde,Nicole Ohlde,0,0,,,,,,,,,,,,,2026-07-16T12:30:07.748879
1629539,Amy,Okonkwo,Amy Okonkwo,0,0,,,,,,,,,,,,,2026-07-16T12:30:07.749085
1643431,Madina,Okot,Madina Okot,1,1611661330,ATL,,,,,,,,,,,,2026-07-16T12:30:07.749288
202278,Abi,Olajuwon,Abi Olajuwon,0,0,,,,,,,,,,,,,2026-07-16T12:30:07.749498
1642802,Lucy,Olsen,Lucy Olsen,1,1611661322,WAS,,,,,,,,,,,,2026-07-16T12:30:07.749702
1630446,Michaela,Onyenwere,Michaela Onyenwere,1,1611661322,WAS,,,,,,,,,,,,2026-07-16T12:30:07.749904
203840,Inga,Orekhova,Inga Orekhova,0,0,,,,,,,,,,,,,2026-07-16T12:30:07.750111
1642294,Charisma,Osborne,Charisma Osborne,0,0,,,,,,,,,,,,,2026-07-16T12:30:07.750313
100997,Irina,Osipova,Irina Osipova,0,0,,,,,,,,,,,,,2026-07-16T12:30:07.750511
100354,Heather,Owen,Heather Owen,0,0,,,,,,,,,,,,,2026-07-16T12:30:07.750713
100560,Shantia,Owens,Shantia Owens,0,0,,,,,,,,,,,,,2026-07-16T12:30:07.750913
201535,Danielle,Page,Danielle Page,0,0,,,,,,,,,,,,,2026-07-16T12:30:07.751113
100199,Murriel,Page,Murriel Page,0,0,,,,,,,,,,,,,2026-07-16T12:30:07.751316
101034,Yolanda,Paige,Yolanda Paige,0,0,,,,,,,,,,,,,2026-07-16T12:30:07.751524
200740,Sabrina,Palie,Sabrina Palie,0,0,,,,,,,,,,,,,2026-07-16T12:30:07.751730
100046,Wendy,Palmer,Wendy Palmer,0,0,,,,,,,,,,,,,2026-07-16T12:30:07.751931
1642804,Te-Hina,Paopao,Te-Hina Paopao,1,1611661330,ATL,,,,,,,,,,,,2026-07-16T12:30:07.752132
201907,Courtney,Paris,Courtney Paris,0,0,,,,,,,,,,,,,2026-07-16T12:30:07.752333
1628917,JiSu,Park,JiSu Park,0,0,,,,,,,,,,,,,2026-07-16T12:30:07.752534
1630148,Jihyun,Park,Jihyun Park,1,1611661320,LAS,,,,,,,,,,,,2026-07-16T12:30:07.752734
201496,Candace,Parker,Candace Parker,0,0,,,,,,,,,,,,,2026-07-16T12:30:07.752938
204323,Cheyenne,Parker-Tyus,Cheyenne Parker-Tyus,1,1611661319,LVA,,,,,,,,,,,,2026-07-16T12:30:07.753138
1641641,Robyn,Parks,Robyn Parks,0,0,,,,,,,,,,,,,2026-07-16T12:30:07.753343
201558,Florina,Pascalau,Florina Pascalau,0,0,,,,,,,,,,,,,2026-07-16T12:30:07.753550
100070,Tia,Paschal,Tia Paschal,0,0,,,,,,,,,,,,,2026-07-16T12:30:07.753754
100686,Michaela,Pavlickova,Michaela Pavlickova,0,0,,,,,,,,,,,,,2026-07-16T12:30:07.753956
100487,Kate,Paye,Kate Paye,0,0,,,,,,,,,,,,,2026-07-16T12:30:07.754157
203035,Shey,Peddy,Shey Peddy,0,0,,,,,,,,,,,,,2026-07-16T12:30:07.754362
202653,Kayla,Pedersen,Kayla Pedersen,0,0,,,,,,,,,,,,,2026-07-16T12:30:07.754563
100234,Ticha,Penicheiro,Ticha Penicheiro,0,0,,,,,,,,,,,,,2026-07-16T12:30:07.754765
100852,Jocelyn,Penn,Jocelyn Penn,0,0,,,,,,,,,,,,,2026-07-16T12:30:07.754964
100109,Jasmina,Perazic-Gipe,Jasmina Perazic-Gipe,0,0,,,,,,,,,,,,,2026-07-16T12:30:07.755166
1631073,Raina,Perez,Raina Perez,0,0,,,,,,,,,,,,,2026-07-16T12:30:07.755366
100952,Jia,Perkins,Jia Perkins,0,0,,,,,,,,,,,,,2026-07-16T12:30:07.755573
100659,Erin,Perperoglou,Erin Perperoglou,0,0,,,,,,,,,,,,,2026-07-16T12:30:07.755774
100083,Kim,Perrot,Kim Perrot,0,0,,,,,,,,,,,,,2026-07-16T12:30:07.755978
1630437,Chelsey,Perry,Chelsey Perry,0,0,,,,,,,,,,,,,2026-07-16T12:30:07.756176
203016,Devereaux,Peters,Devereaux Peters,0,0,,,,,,,,,,,,,2026-07-16T12:30:07.756374
203863,Haley,Peters,Haley Peters,0,0,,,,,,,,,,,,,2026-07-16T12:30:07.756576
1628284,Alexis,Peterson,Alexis Peterson,0,0,,,,,,,,,,,,,2026-07-16T12:30:07.756781
201909,Sonja,Petrovic,Sonja Petrovic,0,0,,,,,,,,,,,,,2026-07-16T12:30:07.756984
100031,Bridget,Pettis,Bridget Pettis,0,0,,,,,,,,,,,,,2026-07-16T12:30:07.757184
1642828,Ajae,Petty,Ajae Petty,0,0,,,,,,,,,,,,,2026-07-16T12:30:07.757389
101039,Erin,Phillips,Erin Phillips,0,0,,,,,,,,,,,,,2026-07-16T12:30:07.757590
202654,Porsha,Phillips,Porsha Phillips,0,0,,,,,,,,,,,,,2026-07-16T12:30:07.757798
202655,Ta'Shia,Phillips,Ta'Shia Phillips,0,0,,,,,,,,,,,,,2026-07-16T12:30:07.758002
100413,Tari,Phillips,Tari Phillips,0,0,,,,,,,,,,,,,2026-07-16T12:30:07.758203
100888,Plenette,Pierson,Plenette Pierson,0,0,,,,,,,,,,,,,2026-07-16T12:30:07.758419
1642293,Alissa,Pili,Alissa Pili,1,1611661320,LAS,,,,,,,,,,,,2026-07-16T12:30:07.758623
1643495,Justine,Pissott,Justine Pissott,1,1611661319,LVA,,,,,,,,,,,,2026-07-16T12:30:07.758826
203849,Theresa,Plaisance,Theresa Plaisance,0,0,,,,,,,,,,,,,2026-07-16T12:30:07.759026
1628276,Kelsey,Plum,Kelsey Plum,1,1611661320,LAS,,,,,,,,,,,,2026-07-16T12:30:07.759228
1643458,Saylor,Poffenbarger,Saylor Poffenbarger,0,0,,,,,,,,,,,,,2026-07-16T12:30:07.759433
202656,Jeanette,Pohlen-Mavunga,Jeanette Pohlen-Mavunga,0,0,,,,,,,,,,,,,2026-07-16T12:30:07.759636
1631062,Khayla,Pointer,Khayla Pointer,0,0,,,,,,,,,,,,,2026-07-16T12:30:07.759843
100079,Catarina,Pollini,Catarina Pollini,0,0,,,,,,,,,,,,,2026-07-16T12:30:07.760045
200665,Cappie,Pondexter,Cappie Pondexter,0,0,,,,,,,,,,,,,2026-07-16T12:30:07.760250
203415,Chelsea,Poppens,Chelsea Poppens,0,0,,,,,,,,,,,,,2026-07-16T12:30:07.760454
100403,Angie,Potthoff,Angie Potthoff,0,0,,,,,,,,,,,,,2026-07-16T12:30:07.760659
1643647,Tima,Pouye,Tima Pouye,1,1611661332,TOR,,,,,,,,,,,,2026-07-16T12:30:07.760867
100414,Elaine,Powell,Elaine Powell,0,0,,,,,,,,,,,,,2026-07-16T12:30:07.761073
100919,Nicole,Powell,Nicole Powell,0,0,,,,,,,,,,,,,2026-07-16T12:30:07.761282
1627672,Aerial,Powers,Aerial Powers,0,0,,,,,,,,,,,,,2026-07-16T12:30:07.761498
203019,Samantha,Prahalis,Samantha Prahalis,0,0,,,,,,,,,,,,,2026-07-16T12:30:07.761706
1641695,Ashten,Prechtel,Ashten Prechtel,1,1611661331,GSV,,,,,,,,,,,,2026-07-16T12:30:07.761910
100235,Franthea,Price,Franthea Price,0,0,,,,,,,,,,,,,2026-07-16T12:30:07.762120
100530,Lynn,Pride,Lynn Pride,0,0,,,,,,,,,,,,,2026-07-16T12:30:07.762328
1628297,Alexis,Prince,Alexis Prince,0,0,,,,,,,,,,,,,2026-07-16T12:30:07.762536
202259,Epiphanny,Prince,Epiphanny Prince,0,0,,,,,,,,,,,,,2026-07-16T12:30:07.762739
1643467,Cassandre,Prosper,Cassandre Prosper,1,1611661322,WAS,,,,,,,,,,,,2026-07-16T12:30:07.762945
1642296,Nyadiew,Puoch,Nyadiew Puoch,1,1611661327,PDX,,,,,,,,,,,,2026-07-16T12:30:07.763146
200693,Brooke,Queenan,Brooke Queenan,0,0,,,,,,,,,,,,,2026-07-16T12:30:07.763350
100417,Heather,Quella,Heather Quella,0,0,,,,,,,,,,,,,2026-07-16T12:30:07.763555
100677,LaQuanda,Quick,LaQuanda Quick,0,0,,,,,,,,,,,,,2026-07-16T12:30:07.763763
201516,Allie,Quigley,Allie Quigley,0,0,,,,,,,,,,,,,2026-07-16T12:30:07.763971
1642808,JJ,Quinerly,JJ Quinerly,0,0,,,,,,,,,,,,,2026-07-16T12:30:07.764171
201049,Noelle,Quinn,Noelle Quinn,0,0,,,,,,,,,,,,,2026-07-16T12:30:07.764375
100472,Texlin,Quinney,Texlin Quinney,0,0,,,,,,,,,,,,,2026-07-16T12:30:07.764579
100664,Hajdana,Radunovic,Hajdana Radunovic,0,0,,,,,,,,,,,,,2026-07-16T12:30:07.764784
100748,Felicia,Ragland,Felicia Ragland,0,0,,,,,,,,,,,,,2026-07-16T12:30:07.764988
1628248,Nayo,Raincock-Ekunwe,Nayo Raincock-Ekunwe,0,0,,,,,,,,,,,,,2026-07-16T12:30:07.765197
100683,Semeka,Randall,Semeka Randall,0,0,,,,,,,,,,,,,2026-07-16T12:30:07.765404
100552,Kristen,Rasmussen,Kristen Rasmussen,0,0,,,,,,,,,,,,,2026-07-16T12:30:07.765609
202283,Brittainey,Raven,Brittainey Raven,0,0,,,,,,,,,,,,,2026-07-16T12:30:07.765813
201070,Stephanie,Raymond,Stephanie Raymond,0,0,,,,,,,,,,,,,2026-07-16T12:30:07.766015
100725,Tamika,Raymond,Tamika Raymond,0,0,,,,,,,,,,,,,2026-07-16T12:30:07.766221
100541,Jamie,Redd,Jamie Redd,0,0,,,,,,,,,,,,,2026-07-16T12:30:07.766434
203047,Katelan,Redmon,Katelan Redmon,0,0,,,,,,,,,,,,,2026-07-16T12:30:07.766639
100225,Brandy,Reed,Brandy Reed,0,0,,,,,,,,,,,,,2026-07-16T12:30:07.766836
202665,Chastity,Reed,Chastity Reed,0,0,,,,,,,,,,,,,2026-07-16T12:30:07.767038
100286,Michelle,Reed,Michelle Reed,0,0,,,,,,,,,,,,,2026-07-16T12:30:07.767237
1642291,Angel,Reese,Angel Reese,1,1611661330,ATL,,,,,,,,,,,,2026-07-16T12:30:07.767440
100182,Tracy,Reid,Tracy Reid,0,0,,,,,,,,,,,,,2026-07-16T12:30:07.767640
100047,Tammi,Reiss,Tammi Reiss,0,0,,,,,,,,,,,,,2026-07-16T12:30:07.767837
201085,Kathrin,Ress,Kathrin Ress,0,0,,,,,,,,,,,,,2026-07-16T12:30:07.768049
1643445,Kiki,Rice,Kiki Rice,1,1611661332,TOR,,,,,,,,,,,,2026-07-16T12:30:07.768248
1630459,DiDi,Richards,DiDi Richards,0,0,,,,,,,,,,,,,2026-07-16T12:30:07.768448
202315,Andrea,Riley,Andrea Riley,0,0,,,,,,,,,,,,,2026-07-16T12:30:07.768657
100656,Ruth,Riley,Ruth Riley,0,0,,,,,,,,,,,,,2026-07-16T12:30:07.768859
1642809,Saniya,Rivers,Saniya Rivers,1,1611661323,CON,,,,,,,,,,,,2026-07-16T12:30:07.769058
100338,Jennifer,Rizzotti,Jennifer Rizzotti,0,0,,,,,,,,,,,,,2026-07-16T12:30:07.769259
100208,Nyree,Roberts,Nyree Roberts,0,0,,,,,,,,,,,,,2026-07-16T12:30:07.769467
202657,Angel,Robinson,Angel Robinson,0,0,,,,,,,,,,,,,2026-07-16T12:30:07.769668
100942,Ashley,Robinson,Ashley Robinson,0,0,,,,,,,,,,,,,2026-07-16T12:30:07.769884
100345,Crystal,Robinson,Crystal Robinson,0,0,,,,,,,,,,,,,2026-07-16T12:30:07.770101
202658,Danielle,Robinson,Danielle Robinson,0,0,,,,,,,,,,,,,2026-07-16T12:30:07.770308
100506,Renee,Robinson,Renee Robinson,0,0,,,,,,,,,,,,,2026-07-16T12:30:07.770521
203411,Sugar,Rodgers,Sugar Rodgers,0,0,,,,,,,,,,,,,2026-07-16T12:30:07.770734
100519,Jannon,Roland,Jannon Roland,0,0,,,,,,,,,,,,,2026-07-16T12:30:07.770955
203432,Waltiea,Rolle,Waltiea Rolle,0,0,,,,,,,,,,,,,2026-07-16T12:30:07.771185
1628285,Leticia,Romero,Leticia Romero,0,0,,,,,,,,,,,,,2026-07-16T12:30:07.771417
201529,Adrianne,Ross,Adrianne Ross,0,0,,,,,,,,,,,,,2026-07-16T12:30:07.771650
203437,Tierra,Ruffin-Pratt,Tierra Ruffin-Pratt,0,0,,,,,,,,,,,,,2026-07-16T12:30:07.771861
1630387,Iliana,Rupert,Iliana Rupert,1,1611661331,GSV,,,,,,,,,,,,2026-07-16T12:30:07.772069
201103,Leah,Rush,Leah Rush,0,0,,,,,,,,,,,,,2026-07-16T12:30:07.772280
1628920,Mercedes,Russell,Mercedes Russell,0,0,,,,,,,,,,,,,2026-07-16T12:30:07.772483
100174,Eugenia,Rycraw,Eugenia Rycraw,0,0,,,,,,,,,,,,,2026-07-16T12:30:07.772688
1631055,Nyara,Sabally,Nyara Sabally,1,1611661332,TOR,,,,,,,,,,,,2026-07-16T12:30:07.772889
1630149,Satou,Sabally,Satou Sabally,1,1611661313,NYL,,,,,,,,,,,,2026-07-16T12:30:07.773091
1642767,Janelle,Salaun,Janelle Salaun,1,1611661331,GSV,,,,,,,,,,,,2026-07-16T12:30:07.773291
100415,Nykesha,Sales,Nykesha Sales,0,0,,,,,,,,,,,,,2026-07-16T12:30:07.773515
100416,Sheri,Sam,Sheri Sam,0,0,,,,,,,,,,,,,2026-07-16T12:30:07.773722
100542,Charisse,Sampson,Charisse Sampson,0,0,,,,,,,,,,,,,2026-07-16T12:30:07.773922
1628317,Karlie,Samuelson,Karlie Samuelson,1,1611661327,PDX,,,,,,,,,,,,2026-07-16T12:30:07.774123
1629478,Katie,Lou Samuelson,Katie Lou Samuelson,1,1611661328,SEA,,,,,,,,,,,,2026-07-16T12:30:07.774322
100913,Isabel,Sanchez,Isabel Sanchez,0,0,,,,,,,,,,,,,2026-07-16T12:30:07.774524
201115,Amy,Sanders,Amy Sanders,0,0,,,,,,,,,,,,,2026-07-16T12:30:07.774725
201506,LaToya,Sanders,LaToya Sanders,0,0,,,,,,,,,,,,,2026-07-16T12:30:07.774923
100556,Nakia,Sanford,Nakia Sanford,0,0,,,,,,,,,,,,,2026-07-16T12:30:07.775131
201489,Olayinka,Sanni,Olayinka Sanni,0,0,,,,,,,,,,,,,2026-07-16T12:30:07.775339
100640,Kelly,Santos,Kelly Santos,0,0,,,,,,,,,,,,,2026-07-16T12:30:07.775539
100201,Alessandra,Santos de Olive,Alessandra Santos de Olive,0,0,,,,,,,,,,,,,2026-07-16T12:30:07.775740
100525,Rankica,Sarenac,Rankica Sarenac,0,0,,,,,,,,,,,,,2026-07-16T12:30:07.775939
100479,Paige,Sauer,Paige Sauer,0,0,,,,,,,,,,,,,2026-07-16T12:30:07.776147
100635,Jaynetta,Saunders,Jaynetta Saunders,0,0,,,,,,,,,,,,,2026-07-16T12:30:07.776347
100695,Audrey,Sauret,Audrey Sauret,0,0,,,,,,,,,,,,,2026-07-16T12:30:07.776552
100161,Laure,Savasta,Laure Savasta,0,0,,,,,,,,,,,,,2026-07-16T12:30:07.776754
1641687,Victaria,Saxton,Victaria Saxton,0,0,,,,,,,,,,,,,2026-07-16T12:30:07.776960
203830,Shoni,Schimmel,Shoni Schimmel,0,0,,,,,,,,,,,,,2026-07-16T12:30:07.777160
100648,Kelly,Schumacher,Kelly Schumacher,0,0,,,,,,,,,,,,,2026-07-16T12:30:07.777363
100707,Georgia,Schweitzer,Georgia Schweitzer,0,0,,,,,,,,,,,,,2026-07-16T12:30:07.777571
1642810,Madison,Scott,Madison Scott,0,0,,,,,,,,,,,,,2026-07-16T12:30:07.777775
100243,Olympia,Scott,Olympia Scott,0,0,,,,,,,,,,,,,2026-07-16T12:30:07.777979
100049,Raegan,Scott,Raegan Scott,0,0,,,,,,,,,,,,,2026-07-16T12:30:07.778184
100500,Elena,Shakirova,Elena Shakirova,0,0,,,,,,,,,,,,,2026-07-16T12:30:07.778389
100834,K.B.,Sharp,K.B. Sharp,0,0,,,,,,,,,,,,,2026-07-16T12:30:07.778598
203033,Chay,Shegog,Chay Shegog,0,0,,,,,,,,,,,,,2026-07-16T12:30:07.778801
1642292,Jacy,Sheldon,Jacy Sheldon,1,1611661329,CHI,,,,,,,,,,,,2026-07-16T12:30:07.779005
1629491,Jessica,Shepard,Jessica Shepard,1,1611661321,DAL,,,,,,,,,,,,2026-07-16T12:30:07.779208
1631013,Aisha,Sheppard,Aisha Sheppard,0,0,,,,,,,,,,,,,2026-07-16T12:30:07.779413
1642320,Jaylyn,Sherrod,Jaylyn Sherrod,1,1611661330,ATL,,,,,,,,,,,,2026-07-16T12:30:07.779620
201053,Ashley,Shields,Ashley Shields,0,0,,,,,,,,,,,,,2026-07-16T12:30:07.779824
1630131,Kylee,Shook,Kylee Shook,0,0,,,,,,,,,,,,,2026-07-16T12:30:07.780028
100202,Adrienne,Shuler,Adrienne Shuler,0,0,,,,,,,,,,,,,2026-07-16T12:30:07.780226
1641652,Maddy,Siegrist,Maddy Siegrist,1,1611661321,DAL,,,,,,,,,,,,2026-07-16T12:30:07.780428
203848,Meighan,Simmons,Meighan Simmons,0,0,,,,,,,,,,,,,2026-07-16T12:30:07.780629
1628287,Jennie,Simms,Jennie Simms,0,0,,,,,,,,,,,,,2026-07-16T12:30:07.780835
203013,Dymond,Simon,Dymond Simon,0,0,,,,,,,,,,,,,2026-07-16T12:30:07.781035
203824,Odyssey,Sims,Odyssey Sims,1,1611661321,DAL,,,,,,,,,,,,2026-07-16T12:30:07.781236
1641690,Kadi,Sissoko,Kadi Sissoko,0,0,,,,,,,,,,,,,2026-07-16T12:30:07.781461
1631046,Hannah,Sjerven,Hannah Sjerven,0,0,,,,,,,,,,,,,2026-07-16T12:30:07.781662
100497,Madinah,Slaise,Madinah Slaise,0,0,,,,,,,,,,,,,2026-07-16T12:30:07.781861
100840,Gwen,Slaughter,Gwen Slaughter,0,0,,,,,,,,,,,,,2026-07-16T12:30:07.782062
100736,Gergana,Slavtcheva,Gergana Slavtcheva,0,0,,,,,,,,,,,,,2026-07-16T12:30:07.782263
1630435,Destiny,Slocum,Destiny Slocum,0,0,,,,,,,,,,,,,2026-07-16T12:30:07.782466
1630154,Kamiah,Smalls,Kamiah Smalls,0,0,,,,,,,,,,,,,2026-07-16T12:30:07.782666
100860,Aiysha,Smith,Aiysha Smith,0,0,,,,,,,,,,,,,2026-07-16T12:30:07.782865
1629501,Alanna,Smith,Alanna Smith,1,1611661321,DAL,,,,,,,,,,,,2026-07-16T12:30:07.783063
201084,Brooke,Smith,Brooke Smith,0,0,,,,,,,,,,,,,2026-07-16T12:30:07.783260
201067,Camille,Smith,Camille Smith,0,0,,,,,,,,,,,,,2026-07-16T12:30:07.783461
100371,Charlotte,Smith,Charlotte Smith,0,0,,,,,,,,,,,,,2026-07-16T12:30:07.783662
100179,Charmin,Smith,Charmin Smith,0,0,,,,,,,,,,,,,2026-07-16T12:30:07.783867
100181,Christy,Smith,Christy Smith,0,0,,,,,,,,,,,,,2026-07-16T12:30:07.784071
200702,Crystal,Smith,Crystal Smith,0,0,,,,,,,,,,,,,2026-07-16T12:30:07.784268
100925,Jennifer,Smith,Jennifer Smith,0,0,,,,,,,,,,,,,2026-07-16T12:30:07.784470
100404,Katie,Smith,Katie Smith,0,0,,,,,,,,,,,,,2026-07-16T12:30:07.784674
1631147,Kianna,Smith,Kianna Smith,0,0,,,,,,,,,,,,,2026-07-16T12:30:07.784874
200683,Kim,Smith,Kim Smith,0,0,,,,,,,,,,,,,2026-07-16T12:30:07.785078
100339,LaCharlotte,Smith,LaCharlotte Smith,0,0,,,,,,,,,,,,,2026-07-16T12:30:07.785279
1631019,NaLyssa,Smith,NaLyssa Smith,1,1611661319,LVA,,,,,,,,,,,,2026-07-16T12:30:07.785483
100236,Tangela,Smith,Tangela Smith,0,0,,,,,,,,,,,,,2026-07-16T12:30:07.785684
201068,Tyresa,Smith,Tyresa Smith,0,0,,,,,,,,,,,,,2026-07-16T12:30:07.785883
201504,Wanisha,Smith,Wanisha Smith,0,0,,,,,,,,,,,,,2026-07-16T12:30:07.786085
100696,Belinda,Snell,Belinda Snell,0,0,,,,,,,,,,,,,2026-07-16T12:30:07.786286
100729,Michelle,Snow,Michelle Snow,0,0,,,,,,,,,,,,,2026-07-16T12:30:07.786488
1641654,Stephanie,Soares,Stephanie Soares,0,0,,,,,,,,,,,,,2026-07-16T12:30:07.786689
1641667,Taylor,Soule,Taylor Soule,0,0,,,,,,,,,,,,,2026-07-16T12:30:07.786888
1631039,Miela,Sowah,Miela Sowah,1,1611661331,GSV,,,,,,,,,,,,2026-07-16T12:30:07.787089
201086,Sidney,Spencer,Sidney Spencer,0,0,,,,,,,,,,,,,2026-07-16T12:30:07.787291
100255,Rachael,Sporn,Rachael Sporn,0,0,,,,,,,,,,,,,2026-07-16T12:30:07.787498
100427,Trisha,Stafford-Odom,Trisha Stafford-Odom,0,0,,,,,,,,,,,,,2026-07-16T12:30:07.787704
100372,Dawn,Staley,Dawn Staley,0,0,,,,,,,,,,,,,2026-07-16T12:30:07.787905
200699,Tiffany,Stansbury,Tiffany Stansbury,0,0,,,,,,,,,,,,,2026-07-16T12:30:07.788112
100422,Kate,Starbird,Kate Starbird,0,0,,,,,,,,,,,,,2026-07-16T12:30:07.788314
100536,Katy,Steding,Katy Steding,0,0,,,,,,,,,,,,,2026-07-16T12:30:07.788515
100227,Maria,Stepanova,Maria Stepanova,0,0,,,,,,,,,,,,,2026-07-16T12:30:07.788719
100175,Rehema,Stephens,Rehema Stephens,0,0,,,,,,,,,,,,,2026-07-16T12:30:07.788918
100927,Stacy,Stephens,Stacy Stephens,0,0,,,,,,,,,,,,,2026-07-16T12:30:07.789119
1628922,Azura,Stevens,Azura Stevens,1,1611661329,CHI,,,,,,,,,,,,2026-07-16T12:30:07.789320
100967,Mandisa,Stevenson,Mandisa Stevenson,0,0,,,,,,,,,,,,,2026-07-16T12:30:07.789531
1627668,Breanna,Stewart,Breanna Stewart,1,1611661313,NYL,,,,,,,,,,,,2026-07-16T12:30:07.789735
100676,Jackie,Stiles,Jackie Stiles,0,0,,,,,,,,,,,,,2026-07-16T12:30:07.789936
100437,Valerie,Still,Valerie Still,0,0,,,,,,,,,,,,,2026-07-16T12:30:07.790144
100059,Andrea,Stinson,Andrea Stinson,0,0,,,,,,,,,,,,,2026-07-16T12:30:07.790347
100490,Shanele,Stires,Shanele Stires,0,0,,,,,,,,,,,,,2026-07-16T12:30:07.790548
100691,Tamara,Stocks,Tamara Stocks,0,0,,,,,,,,,,,,,2026-07-16T12:30:07.790752
204329,Kiah,Stokes,Kiah Stokes,1,1611661331,GSV,,,,,,,,,,,,2026-07-16T12:30:07.790954
101006,Jurgita,Streimikyte,Jurgita Streimikyte,0,0,,,,,,,,,,,,,2026-07-16T12:30:07.791153
203015,Shekinna,Stricklen,Shekinna Stricklen,0,0,,,,,,,,,,,,,2026-07-16T12:30:07.791350
200685,Ann,Strother,Ann Strother,0,0,,,,,,,,,,,,,2026-07-16T12:30:07.791558
1643438,Marta,Suarez,Marta Suarez,1,1611661317,PHX,,,,,,,,,,,,2026-07-16T12:30:07.791763
100062,Tora,Suber,Tora Suber,0,0,,,,,,,,,,,,,2026-07-16T12:30:07.791967
101012,Laura,Summerton,Laura Summerton,0,0,,,,,,,,,,,,,2026-07-16T12:30:07.792166
1642813,Serena,Sundell,Serena Sundell,0,0,,,,,,,,,,,,,2026-07-16T12:30:07.792365
1630134,Sug,Sutton,Sug Sutton,1,1611661321,DAL,,,,,,,,,,,,2026-07-16T12:30:07.792571
100628,Tammy,Sutton-Brown,Tammy Sutton-Brown,0,0,,,,,,,,,,,,,2026-07-16T12:30:07.792772
201484,Ketia,Swanier,Ketia Swanier,0,0,,,,,,,,,,,,,2026-07-16T12:30:07.792981
100072,Sheryl,Swoopes,Sheryl Swoopes,0,0,,,,,,,,,,,,,2026-07-16T12:30:07.793183
202670,Carolyn,Swords,Carolyn Swords,0,0,,,,,,,,,,,,,2026-07-16T12:30:07.793393
203040,April,Sykes,April Sykes,0,0,,,,,,,,,,,,,2026-07-16T12:30:07.793598
1628279,Brittney,Sykes,Brittney Sykes,1,1611661332,TOR,,,,,,,,,,,,2026-07-16T12:30:07.793803
203855,Stephanie,Talbot,Stephanie Talbot,1,1611661319,LVA,,,,,,,,,,,,2026-07-16T12:30:07.794007
200705,Zane,Tamane,Zane Tamane,0,0,,,,,,,,,,,,,2026-07-16T12:30:07.794207
100406,Sonja,Tate,Sonja Tate,0,0,,,,,,,,,,,,,2026-07-16T12:30:07.794412
100940,Diana,Taurasi,Diana Taurasi,0,0,,,,,,,,,,,,,2026-07-16T12:30:07.794613
203859,Asia,Taylor,Asia Taylor,0,0,,,,,,,,,,,,,2026-07-16T12:30:07.794815
1642344,Camryn,Taylor,Camryn Taylor,0,0,,,,,,,,,,,,,2026-07-16T12:30:07.795017
1642298,Celeste,Taylor,Celeste Taylor,0,0,,,,,,,,,,,,,2026-07-16T12:30:07.795218
100926,Lindsay,Taylor,Lindsay Taylor,0,0,,,,,,,,,,,,,2026-07-16T12:30:07.795420
100634,Penny,Taylor,Penny Taylor,0,0,,,,,,,,,,,,,2026-07-16T12:30:07.795621
1630479,Sparkle,Taylor,Sparkle Taylor,0,0,,,,,,,,,,,,,2026-07-16T12:30:07.795824
1642321,Sydney,Taylor,Sydney Taylor,1,1611661329,CHI,,,,,,,,,,,,2026-07-16T12:30:07.796025
100724,Nikki,Teasley,Nikki Teasley,0,0,,,,,,,,,,,,,2026-07-16T12:30:07.796228
200696,Kasha,Terry,Kasha Terry,0,0,,,,,,,,,,,,,2026-07-16T12:30:07.796431
1642814,Taylor,Thierry,Taylor Thierry,1,1611661328,SEA,,,,,,,,,,,,2026-07-16T12:30:07.796633
203826,Alyssa,Thomas,Alyssa Thomas,1,1611661317,PHX,,,,,,,,,,,,2026-07-16T12:30:07.796844
201055,Carla,Thomas,Carla Thomas,0,0,,,,,,,,,,,,,2026-07-16T12:30:07.797050
100930,Christi,Thomas,Christi Thomas,0,0,,,,,,,,,,,,,2026-07-16T12:30:07.797256
202662,Jasmine,Thomas,Jasmine Thomas,0,0,,,,,,,,,,,,,2026-07-16T12:30:07.797467
202663,Krystal,Thomas,Krystal Thomas,0,0,,,,,,,,,,,,,2026-07-16T12:30:07.797670
100883,LaToya,Thomas,LaToya Thomas,0,0,,,,,,,,,,,,,2026-07-16T12:30:07.797870
1631068,Sam,Thomas,Sam Thomas,0,0,,,,,,,,,,,,,2026-07-16T12:30:07.798071
100532,Stacey,Thomas,Stacey Thomas,0,0,,,,,,,,,,,,,2026-07-16T12:30:07.798272
100216,Alicia,Thompson,Alicia Thompson,0,0,,,,,,,,,,,,,2026-07-16T12:30:07.798472
202269,Amanda,Thompson,Amanda Thompson,0,0,,,,,,,,,,,,,2026-07-16T12:30:07.798679
100076,Tina,Thompson,Tina Thompson,0,0,,,,,,,,,,,,,2026-07-16T12:30:07.798882
200677,Shona,Thorburn,Shona Thorburn,0,0,,,,,,,,,,,,,2026-07-16T12:30:07.799084
100835,Erin,Thorn,Erin Thorn,0,0,,,,,,,,,,,,,2026-07-16T12:30:07.799286
203866,Kayla,Thornton,Kayla Thornton,1,1611661331,GSV,,,,,,,,,,,,2026-07-16T12:30:07.799486
100543,Robin,Threatt-Elliott,Robin Threatt-Elliott,0,0,,,,,,,,,,,,,2026-07-16T12:30:07.799688
100922,Iciss,Tillis,Iciss Tillis,0,0,,,,,,,,,,,,,2026-07-16T12:30:07.799890
100029,Michele,Timms,Michele Timms,0,0,,,,,,,,,,,,,2026-07-16T12:30:07.800096
1642815,Makayla,Timpson,Makayla Timpson,1,1611661325,IND,,,,,,,,,,,,2026-07-16T12:30:07.800298
1628261,Shao,Ting,Shao Ting,0,0,,,,,,,,,,,,,2026-07-16T12:30:07.800501
203555,Joslyn,Tinkle,Joslyn Tinkle,0,0,,,,,,,,,,,,,2026-07-16T12:30:07.800703
204317,Ramu,Tokashiki,Ramu Tokashiki,0,0,,,,,,,,,,,,,2026-07-16T12:30:07.800905
100004,Penny,Toler,Penny Toler,0,0,,,,,,,,,,,,,2026-07-16T12:30:07.801117
201911,Kristi,Toliver,Kristi Toliver,0,0,,,,,,,,,,,,,2026-07-16T12:30:07.801321
204299,Marianna,Tolo,Marianna Tolo,0,0,,,,,,,,,,,,,2026-07-16T12:30:07.801535
100388,Elena,Tornikidou,Elena Tornikidou,0,0,,,,,,,,,,,,,2026-07-16T12:30:07.801741
100657,Levys,Torres,Levys Torres,0,0,,,,,,,,,,,,,2026-07-16T12:30:07.801945
1642841,Mamignan,Toure,Mamignan Toure,0,0,,,,,,,,,,,,,2026-07-16T12:30:07.802144
100447,Tiffany,Travis,Tiffany Travis,0,0,,,,,,,,,,,,,2026-07-16T12:30:07.802344
1641672,Kayana,Traylor,Kayana Traylor,0,0,,,,,,,,,,,,,2026-07-16T12:30:07.802548
100022,Chantel,Tremitiere,Chantel Tremitiere,0,0,,,,,,,,,,,,,2026-07-16T12:30:07.802748
100106,Trena,Trice-Hill,Trena Trice-Hill,0,0,,,,,,,,,,,,,2026-07-16T12:30:07.802956
1627670,Morgan,Tuck,Morgan Tuck,0,0,,,,,,,,,,,,,2026-07-16T12:30:07.803162
200681,Barbara,Turner,Barbara Turner,0,0,,,,,,,,,,,,,2026-07-16T12:30:07.803362
1629488,Brianna,Turner,Brianna Turner,1,1611661319,LVA,,,,,,,,,,,,2026-07-16T12:30:07.803568
203389,Yvonne,Turner,Yvonne Turner,0,0,,,,,,,,,,,,,2026-07-16T12:30:07.803771
100057,Molly,Tuter,Molly Tuter,0,0,,,,,,,,,,,,,2026-07-16T12:30:07.803972
100713,Slobodanka,Tuvic,Slobodanka Tuvic,0,0,,,,,,,,,,,,,2026-07-16T12:30:07.804171
100210,Polina,Tzekova,Polina Tzekova,0,0,,,,,,,,,,,,,2026-07-16T12:30:07.804377
100257,Mfon,Udoka,Mfon Udoka,0,0,,,,,,,,,,,,,2026-07-16T12:30:07.804578
100856,Petra,Ujhelyi,Petra Ujhelyi,0,0,,,,,,,,,,,,,2026-07-16T12:30:07.804778
100373,Itoro,Umoh-Coleman,Itoro Umoh-Coleman,0,0,,,,,,,,,,,,,2026-07-16T12:30:07.804978
1642244,Sevgi,Uzun,Sevgi Uzun,0,0,,,,,,,,,,,,,2026-07-16T12:30:07.805179
100211,Amaya,Valdemoro,Amaya Valdemoro,0,0,,,,,,,,,,,,,2026-07-16T12:30:07.805412
100346,Michele,Van Gorp,Michele Van Gorp,0,0,,,,,,,,,,,,,2026-07-16T12:30:07.805641
1642817,Hailey,Van Lith,Hailey Van Lith,1,1611661323,CON,,,,,,,,,,,,2026-07-16T12:30:07.805853
100176,Sandra,VanEmbricqs,Sandra VanEmbricqs,0,0,,,,,,,,,,,,,2026-07-16T12:30:07.806058
1643453,Grace,VanSlooten,Grace VanSlooten,1,1611661325,IND,,,,,,,,,,,,2026-07-16T12:30:07.806265
202664,Courtney,Vandersloot,Courtney Vandersloot,1,1611661329,CHI,,,,,,,,,,,,2026-07-16T12:30:07.806467
1642210,Julie,Vanloo,Julie Vanloo,0,0,,,,,,,,,,,,,2026-07-16T12:30:07.806667
201913,Kia,Vaughn,Kia Vaughn,0,0,,,,,,,,,,,,,2026-07-16T12:30:07.806866
201520,Krystal,Vaughn,Krystal Vaughn,0,0,,,,,,,,,,,,,2026-07-16T12:30:07.807070
100670,Kristen,Veal,Kristen Veal,0,0,,,,,,,,,,,,,2026-07-16T12:30:07.807272
1643424,Costanza,Verona,Costanza Verona,1,1611661321,DAL,,,,,,,,,,,,2026-07-16T12:30:07.807484
202239,Jana,Vesela,Jana Vesela,0,0,,,,,,,,,,,,,2026-07-16T12:30:07.807687
100028,Danielle,Viglione,Danielle Viglione,0,0,,,,,,,,,,,,,2026-07-16T12:30:07.807889
100712,Dalivorka,Vilipic,Dalivorka Vilipic,0,0,,,,,,,,,,,,,2026-07-16T12:30:07.808090
1628927,Victoria,Vivians,Victoria Vivians,0,0,,,,,,,,,,,,,2026-07-16T12:30:07.808292
100544,Kamila,Vodichkova,Kamila Vodichkova,0,0,,,,,,,,,,,,,2026-07-16T12:30:07.808504
101062,Natalia,Vodopyanova,Natalia Vodopyanova,0,0,,,,,,,,,,,,,2026-07-16T12:30:07.808710
100066,Milica,Vukadinovic,Milica Vukadinovic,0,0,,,,,,,,,,,,,2026-07-16T12:30:07.808910
201914,Ashley,Walker,Ashley Walker,0,0,,,,,,,,,,,,,2026-07-16T12:30:07.809109
100740,Ayana,Walker,Ayana Walker,0,0,,,,,,,,,,,,,2026-07-16T12:30:07.809307
100533,DeMya,Walker,DeMya Walker,0,0,,,,,,,,,,,,,2026-07-16T12:30:07.809529
1630444,Jasmine,Walker,Jasmine Walker,0,0,,,,,,,,,,,,,2026-07-16T12:30:07.809734
201531,Marcedes,Walker,Marcedes Walker,0,0,,,,,,,,,,,,,2026-07-16T12:30:07.809940
1630136,Megan,Walker,Megan Walker,0,0,,,,,,,,,,,,,2026-07-16T12:30:07.810144
1628278,Shatori,Walker-Kimbrough,Shatori Walker-Kimbrough,1,1611661330,ATL,,,,,,,,,,,,2026-07-16T12:30:07.810345
1628929,Kristy,Wallace,Kristy Wallace,0,0,,,,,,,,,,,,,2026-07-16T12:30:07.810542
100681,Maren,Walseth,Maren Walseth,0,0,,,,,,,,,,,,,2026-07-16T12:30:07.810744
203069,Avery,Warley-Talbert,Avery Warley-Talbert,0,0,,,,,,,,,,,,,2026-07-16T12:30:07.810944
100217,Coquese,Washington,Coquese Washington,0,0,,,,,,,,,,,,,2026-07-16T12:30:07.811142
1630137,Stephanie,Watts,Stephanie Watts,0,0,,,,,,,,,,,,,2026-07-16T12:30:07.811342
100445,Ann,Wauters,Ann Wauters,0,0,,,,,,,,,,,,,2026-07-16T12:30:07.811542
100101,Teresa,Weatherspoon,Teresa Weatherspoon,0,0,,,,,,,,,,,,,2026-07-16T12:30:07.811744
100035,Umeki,Webb,Umeki Webb,0,0,,,,,,,,,,,,,2026-07-16T12:30:07.811950
201104,Martina,Weber,Martina Weber,0,0,,,,,,,,,,,,,2026-07-16T12:30:07.812160
101022,Kendra,Wecker,Kendra Wecker,0,0,,,,,,,,,,,,,2026-07-16T12:30:07.812361
1627684,Jamie,Weisner,Jamie Weisner,0,0,,,,,,,,,,,,,2026-07-16T12:30:07.812563
1628957,Kathryn,Westbeld,Kathryn Westbeld,0,0,,,,,,,,,,,,,2026-07-16T12:30:07.812767
1642818,Maddy,Westbeld,Maddy Westbeld,1,1611661329,CHI,,,,,,,,,,,,2026-07-16T12:30:07.812970
1631091,Evina,Westbrook,Evina Westbrook,0,0,,,,,,,,,,,,,2026-07-16T12:30:07.813172
100915,Lindsay,Whalen,Lindsay Whalen,0,0,,,,,,,,,,,,,2026-07-16T12:30:07.813378
204365,Erica,Wheeler,Erica Wheeler,1,1611661320,LAS,,,,,,,,,,,,2026-07-16T12:30:07.813594
1628244,Sami,Whitcomb,Sami Whitcomb,1,1611661317,PHX,,,,,,,,,,,,2026-07-16T12:30:07.813798
100849,DeTrina,White,DeTrina White,0,0,,,,,,,,,,,,,2026-07-16T12:30:07.814001
201493,Erica,White,Erica White,0,0,,,,,,,,,,,,,2026-07-16T12:30:07.814210
100370,Stephanie,White,Stephanie White,0,0,,,,,,,,,,,,,2026-07-16T12:30:07.814411
101020,Tan,White,Tan White,0,0,,,,,,,,,,,,,2026-07-16T12:30:07.814615
100389,Val,Whiting,Val Whiting,0,0,,,,,,,,,,,,,2026-07-16T12:30:07.814819
100347,Tamika,Whitmore,Tamika Whitmore,0,0,,,,,,,,,,,,,2026-07-16T12:30:07.815025
201495,Khadijah,Whittington,Khadijah Whittington,0,0,,,,,,,,,,,,,2026-07-16T12:30:07.815229
100355,Jennifer,Whittle,Jennifer Whittle,0,0,,,,,,,,,,,,,2026-07-16T12:30:07.815430
203413,Davellyn,Whyte,Davellyn Whyte,0,0,,,,,,,,,,,,,2026-07-16T12:30:07.815632
100104,Sue,Wicks,Sue Wicks,0,0,,,,,,,,,,,,,2026-07-16T12:30:07.815832
100007,Jamila,Wideman,Jamila Wideman,0,0,,,,,,,,,,,,,2026-07-16T12:30:07.816032
1628282,Sydney,Wiese,Sydney Wiese,0,0,,,,,,,,,,,,,2026-07-16T12:30:07.816235
201499,Candice,Wiggins,Candice Wiggins,0,0,,,,,,,,,,,,,2026-07-16T12:30:07.816442
200720,Brittany,Wilkins,Brittany Wilkins,0,0,,,,,,,,,,,,,2026-07-16T12:30:07.816643
101036,Angelina,Williams,Angelina Williams,0,0,,,,,,,,,,,,,2026-07-16T12:30:07.816844
100464,Beverly,Williams,Beverly Williams,0,0,,,,,,,,,,,,,2026-07-16T12:30:07.817044
1631090,Christyn,Williams,Christyn Williams,0,0,,,,,,,,,,,,,2026-07-16T12:30:07.817244
1627675,Courtney,Williams,Courtney Williams,1,1611661324,MIN,,,,,,,,,,,,2026-07-16T12:30:07.817450
100064,Debra,Williams,Debra Williams,0,0,,,,,,,,,,,,,2026-07-16T12:30:07.817651
204322,Elizabeth,Williams,Elizabeth Williams,1,1611661329,CHI,,,,,,,,,,,,2026-07-16T12:30:07.817857
1628931,Gabby,Williams,Gabby Williams,1,1611661331,GSV,,,,,,,,,,,,2026-07-16T12:30:07.818058
203412,Kamiko,Williams,Kamiko Williams,0,0,,,,,,,,,,,,,2026-07-16T12:30:07.818260
1630461,Kiana,Williams,Kiana Williams,1,1611661320,LAS,,,,,,,,,,,,2026-07-16T12:30:07.818465
100050,Kim,Williams,Kim Williams,0,0,,,,,,,,,,,,,2026-07-16T12:30:07.818667
100738,Lenae,Williams,Lenae Williams,0,0,,,,,,,,,,,,,2026-07-16T12:30:07.818870
1641670,Madi,Williams,Madi Williams,0,0,,,,,,,,,,,,,2026-07-16T12:30:07.819077
100366,Natalie,Williams,Natalie Williams,0,0,,,,,,,,,,,,,2026-07-16T12:30:07.819287
1630138,Peyton,Williams,Peyton Williams,0,0,,,,,,,,,,,,,2026-07-16T12:30:07.819489
203029,Riquna,Williams,Riquna Williams,0,0,,,,,,,,,,,,,2026-07-16T12:30:07.819690
100204,Rita,Williams,Rita Williams,0,0,,,,,,,,,,,,,2026-07-16T12:30:07.819892
1643436,Serah,Williams,Serah Williams,1,1611661327,PDX,,,,,,,,,,,,2026-07-16T12:30:07.820090
100885,Shaquala,Williams,Shaquala Williams,0,0,,,,,,,,,,,,,2026-07-16T12:30:07.820290
100038,Tara,Williams,Tara Williams,0,0,,,,,,,,,,,,,2026-07-16T12:30:07.820487
100947,Toccara,Williams,Toccara Williams,0,0,,,,,,,,,,,,,2026-07-16T12:30:07.820691
100526,Adrian,Williams-Strong,Adrian Williams-Strong,0,0,,,,,,,,,,,,,2026-07-16T12:30:07.820892
100973,Le'coe,Willingham,Le'coe Willingham,0,0,,,,,,,,,,,,,2026-07-16T12:30:07.821094
200675,Lisa,Willis,Lisa Willis,0,0,,,,,,,,,,,,,2026-07-16T12:30:07.821298
100655,Wendi,Willits,Wendi Willits,0,0,,,,,,,,,,,,,2026-07-16T12:30:07.821508
1630139,Jocelyn,Willoughby,Jocelyn Willoughby,0,0,,,,,,,,,,,,,2026-07-16T12:30:07.821713
1628932,A'ja,Wilson,A'ja Wilson,1,1611661319,LVA,,,,,,,,,,,,2026-07-16T12:30:07.821915
1630458,Aaliyah,Wilson,Aaliyah Wilson,0,0,,,,,,,,,,,,,2026-07-16T12:30:07.822123
1642775,Alex,Wilson,Alex Wilson,0,0,,,,,,,,,,,,,2026-07-16T12:30:07.822329
100380,Amanda,Wilson,Amanda Wilson,0,0,,,,,,,,,,,,,2026-07-16T12:30:07.822530
1641683,Holly,Winterburn,Holly Winterburn,1,1611661327,PDX,,,,,,,,,,,,2026-07-16T12:30:07.822730
201917,Christina,Wirth,Christina Wirth,0,0,,,,,,,,,,,,,2026-07-16T12:30:07.822941
201918,Lindsay,Wisdom-Hylton,Lindsay Wisdom-Hylton,0,0,,,,,,,,,,,,,2026-07-16T12:30:07.823144
100105,Sophia,Witherspoon,Sophia Witherspoon,0,0,,,,,,,,,,,,,2026-07-16T12:30:07.823343
203030,Julie,Wojta,Julie Wojta,0,0,,,,,,,,,,,,,2026-07-16T12:30:07.823549
100340,Kara,Wolters,Kara Wolters,0,0,,,,,,,,,,,,,2026-07-16T12:30:07.823755
100636,Angelina,Wolvert,Angelina Wolvert,0,0,,,,,,,,,,,,,2026-07-16T12:30:07.823956
100090,Lynette,Woodard,Lynette Woodard,0,0,,,,,,,,,,,,,2026-07-16T12:30:07.824157
100086,Tiffany,Woosley,Tiffany Woosley,0,0,,,,,,,,,,,,,2026-07-16T12:30:07.824360
1628933,Imani,Wright,Imani Wright,0,0,,,,,,,,,,,,,2026-07-16T12:30:07.824561
202257,Monica,Wright,Monica Wright,0,0,,,,,,,,,,,,,2026-07-16T12:30:07.824764
100923,Shereka,Wright,Shereka Wright,0,0,,,,,,,,,,,,,2026-07-16T12:30:07.824971
101030,Tanisha,Wright,Tanisha Wright,0,0,,,,,,,,,,,,,2026-07-16T12:30:07.825173
100667,Brooke,Wyckoff,Brooke Wyckoff,0,0,,,,,,,,,,,,,2026-07-16T12:30:07.825375
100545,Dana,Wynne,Dana Wynne,0,0,,,,,,,,,,,,,2026-07-16T12:30:07.825582
204300,Marta,Xargay,Marta Xargay,0,0,,,,,,,,,,,,,2026-07-16T12:30:07.825785
100749,Lindsey,Yamasaki,Lindsey Yamasaki,0,0,,,,,,,,,,,,,2026-07-16T12:30:07.825987
100024,Corissa,Yasen,Corissa Yasen,0,0,,,,,,,,,,,,,2026-07-16T12:30:07.826195
100424,Nevriye,Yilmaz,Nevriye Yilmaz,0,0,,,,,,,,,,,,,2026-07-16T12:30:07.826399
100344,Carolyn,Young,Carolyn Young,0,0,,,,,,,,,,,,,2026-07-16T12:30:07.826603
1629498,Jackie,Young,Jackie Young,1,1611661319,LVA,,,,,,,,,,,,2026-07-16T12:30:07.826805
201477,Tamera,Young,Tamera Young,0,0,,,,,,,,,,,,,2026-07-16T12:30:07.827008
203404,Toni,Young,Toni Young,0,0,,,,,,,,,,,,,2026-07-16T12:30:07.827216
200674,Sophia,Young-Malcolm,Sophia Young-Malcolm,0,0,,,,,,,,,,,,,2026-07-16T12:30:07.827418
1629574,Li,Yueru,Li Yueru,1,1611661321,DAL,,,,,,,,,,,,2026-07-16T12:30:07.827621
204320,Amanda,Zahui B,Amanda Zahui B,0,0,,,,,,,,,,,,,2026-07-16T12:30:07.827824
100390,Oksana,Zakaluzhnaya,Oksana Zakaluzhnaya,0,0,,,,,,,,,,,,,2026-07-16T12:30:07.828028
1628508,Cecilia,Zandalasini,Cecilia Zandalasini,1,1611661331,GSV,,,,,,,,,,,,2026-07-16T12:30:07.828229
101103,Francesca,Zara,Francesca Zara,0,0,,,,,,,,,,,,,2026-07-16T12:30:07.828429
201919,Shavonte,Zellous,Shavonte Zellous,0,0,,,,,,,,,,,,,2026-07-16T12:30:07.828631
100006,Haixia,Zheng,Haixia Zheng,0,0,,,,,,,,,,,,,2026-07-16T12:30:07.828833
1643461,Laura,Ziegler,Laura Ziegler,0,0,,,,,,,,,,,,,2026-07-16T12:30:07.829048
100861,Zuzana,Zirkova,Zuzana Zirkova,0,0,,,,,,,,,,,,,2026-07-16T12:30:07.829251
201498,Sharnee,Zoll-Norman,Sharnee Zoll-Norman,0,0,,,,,,,,,,,,,2026-07-16T12:30:07.829459
200686,Shanna,Zolman,Shanna Zolman,0,0,,,,,,,,,,,,,2026-07-16T12:30:07.829660
100812,Erika,de Souza,Erika de Souza,0,0,,,,,,,,,,,,,2026-07-16T12:30:07.829862
100283,Leila,de Souza Sobral,Leila de Souza Sobral,0,0,,,,,,,,,,,,,2026-07-16T12:30:07.830064
100514,Cintia,dos Santos,Cintia dos Santos,0,0,,,,,,,,,,,,,2026-07-16T12:30:07.830267
