team_id,team_name,gp,w,l,w_pct,min,fgm,fga,fg_pct,fg3m,fg3a,fg3_pct,ftm,fta,ft_pct,oreb,dreb,reb,ast,turnovers,stl,blk,blka,pf,pfd,pts,plus_minus,gp_rank,w_rank,l_rank,w_pct_rank,min_rank,fgm_rank,fga_rank,fg_pct_rank,fg3m_rank,fg3a_rank,fg3_pct_rank,ftm_rank,fta_rank,ft_pct_rank,oreb_rank,dreb_rank,reb_rank,ast_rank,tov_rank,stl_rank,blk_rank,blka_rank,pf_rank,pfd_rank,pts_rank,plus_minus_rank,season,season_type,updated_at
1611661330,Atlanta Dream,40,15,25,0.375,40.4,27.8,68.1,0.408,6.0,19.4,0.308,15.4,20.0,0.772,9.2,26.9,36.1,18.4,13.8,7.2,3.7,4.1,16.9,17.6,77.0,-2.8,1,8,8,8,1,12,7,12,10,9,11,2,2,8,3,3,3,12,4,7,9,7,6,4,12,7,2024,Regular Season,2026-05-24T14:25:54.223841
1611661329,Chicago Sky,40,13,27,0.325,40.0,29.7,70.3,0.422,4.8,14.9,0.323,13.2,17.8,0.742,10.9,25.8,36.6,19.0,14.3,7.0,3.8,5.8,19.0,17.0,77.4,-5.1,1,10,10,10,11,7,3,11,12,12,9,10,8,12,1,7,1,11,8,10,8,12,12,8,11,10,2024,Regular Season,2026-05-24T14:25:54.223841
1611661323,Connecticut Sun,40,28,12,0.7,40.3,29.3,65.9,0.444,5.9,18.0,0.327,15.7,20.9,0.753,8.4,25.1,33.5,19.9,13.3,8.2,3.7,4.6,16.1,18.1,80.1,6.5,1,3,3,3,4,8,12,6,11,11,6,1,1,11,6,10,9,8,3,3,10,9,2,2,8,2,2024,Regular Season,2026-05-24T14:25:54.223841
1611661321,Dallas Wings,40,9,31,0.225,40.4,31.7,71.0,0.446,6.3,19.2,0.326,14.7,18.7,0.786,10.5,24.3,34.8,20.4,15.7,7.1,4.0,4.6,18.5,17.5,84.2,-7.9,1,11,11,11,1,1,2,5,8,10,8,7,4,6,2,12,5,6,10,8,7,8,11,5,4,12,2024,Regular Season,2026-05-24T14:25:54.223841
1611661325,Indiana Fever,40,20,20,0.5,40.1,31.3,68.5,0.456,9.2,25.9,0.356,13.3,17.1,0.775,8.3,26.8,35.1,20.4,15.3,5.9,4.3,3.8,18.2,17.2,85.0,-2.7,1,6,6,6,8,2,5,1,5,5,3,9,10,7,7,5,4,7,9,12,5,6,9,7,3,6,2024,Regular Season,2026-05-24T14:25:54.223841
1611661319,Las Vegas Aces,40,27,13,0.675,40.1,30.9,68.1,0.454,9.4,26.5,0.355,15.2,18.3,0.828,5.6,28.5,34.1,20.5,11.7,7.1,5.0,3.6,16.5,17.2,86.4,5.5,1,4,4,4,8,4,6,2,4,3,4,3,6,2,12,1,8,5,1,9,2,4,5,6,1,4,2024,Regular Season,2026-05-24T14:25:54.223841
1611661320,Los Angeles Sparks,40,8,32,0.2,40.1,28.1,66.4,0.423,7.2,22.6,0.32,15.0,19.6,0.765,7.4,25.3,32.7,19.7,16.0,7.3,3.2,5.1,17.9,18.0,78.4,-7.2,1,12,12,12,8,11,10,10,7,7,10,5,3,10,9,9,10,10,11,5,12,11,8,3,10,11,2024,Regular Season,2026-05-24T14:25:54.223841
1611661324,Minnesota Lynx,40,30,10,0.75,40.4,30.1,67.3,0.448,9.5,25.0,0.38,12.2,15.5,0.79,7.4,26.8,34.3,23.0,14.3,8.6,4.2,3.7,16.4,15.7,82.0,6.4,1,2,2,2,1,6,8,4,3,6,1,11,11,5,8,4,7,1,7,2,6,5,3,12,6,3,2024,Regular Season,2026-05-24T14:25:54.223841
1611661313,New York Liberty,40,32,8,0.8,40.0,30.8,68.7,0.448,10.1,29.0,0.349,14.0,17.2,0.814,8.5,28.1,36.6,22.8,13.8,7.9,4.5,3.2,15.4,16.9,85.6,9.2,1,1,1,1,11,5,4,3,1,1,5,8,9,3,5,2,2,2,5,4,4,1,1,10,2,1,2024,Regular Season,2026-05-24T14:25:54.223841
1611661317,Phoenix Mercury,40,19,21,0.475,40.3,29.1,66.3,0.439,8.5,26.1,0.326,14.7,18.4,0.799,6.7,25.6,32.3,19.9,14.1,6.6,4.7,3.3,16.9,17.0,81.5,-3.3,1,7,7,7,4,9,11,7,6,4,7,6,5,4,11,8,11,9,6,11,3,2,7,9,7,9,2024,Regular Season,2026-05-24T14:25:54.223841
1611661328,Seattle Storm,40,25,15,0.625,40.3,31.1,71.3,0.435,6.1,21.0,0.288,15.1,18.0,0.84,8.7,26.0,34.7,20.7,13.1,9.3,5.2,4.6,16.5,16.4,83.2,4.5,1,5,5,5,4,3,1,8,9,8,12,4,7,1,4,6,6,4,2,1,1,9,4,11,5,5,2024,Regular Season,2026-05-24T14:25:54.223841
1611661322,Washington Mystics,40,14,26,0.35,40.3,29.0,67.0,0.433,9.7,26.6,0.366,11.5,15.0,0.767,7.1,24.8,31.9,21.6,16.1,7.3,3.4,3.4,18.4,18.2,79.3,-3.0,1,9,9,9,4,10,9,9,2,2,2,12,12,9,10,11,12,3,12,6,11,3,10,1,9,8,2024,Regular Season,2026-05-24T14:25:54.223841
1611661330,Atlanta Dream,2,0,2,0.0,40.0,31.0,66.5,0.466,5.0,17.5,0.286,8.5,14.0,0.607,9.0,24.0,33.0,19.0,15.0,6.0,4.5,4.0,14.0,15.0,75.5,-11.5,5,5,1,5,3,2,7,2,8,8,7,6,5,8,4,6,5,7,7,5,1,5,3,4,6,7,2024,Playoffs,2026-05-24T14:25:55.658431
1611661323,Connecticut Sun,7,4,3,0.571,40.0,30.3,70.1,0.432,6.7,19.6,0.343,14.6,17.1,0.85,9.6,23.7,33.3,20.4,12.3,6.4,3.4,5.7,13.3,16.7,81.9,2.3,3,3,5,3,3,4,4,5,6,6,5,1,1,3,1,8,4,4,3,4,8,8,2,1,4,2,2024,Playoffs,2026-05-24T14:25:55.658431
1611661325,Indiana Fever,2,0,2,0.0,40.0,30.0,71.5,0.42,7.0,29.0,0.241,8.0,10.5,0.762,9.5,26.5,36.0,22.0,15.0,6.0,4.0,5.0,17.5,11.0,75.0,-15.0,5,5,1,5,3,5,1,7,5,1,8,8,8,6,2,2,2,1,7,5,5,6,7,8,7,8,2024,Playoffs,2026-05-24T14:25:55.658431
1611661319,Las Vegas Aces,6,3,3,0.5,40.0,29.7,67.7,0.438,8.8,25.7,0.344,11.7,14.7,0.795,6.0,25.7,31.7,19.8,11.0,5.2,4.5,3.8,14.8,14.7,79.8,0.7,4,4,5,4,3,6,6,4,3,3,4,4,4,5,7,4,6,5,2,8,1,3,4,5,5,4,2024,Playoffs,2026-05-24T14:25:55.658431
1611661324,Minnesota Lynx,12,7,5,0.583,40.8,30.6,66.2,0.462,7.8,21.8,0.36,13.7,16.1,0.85,5.9,24.3,30.2,21.2,12.8,7.3,4.4,3.8,15.7,15.8,82.7,1.3,1,2,8,2,2,3,8,3,4,5,3,3,3,4,8,5,8,3,4,3,3,3,6,2,2,3,2024,Playoffs,2026-05-24T14:25:55.658431
1611661313,New York Liberty,11,8,3,0.727,40.9,29.5,68.9,0.429,9.1,25.1,0.362,14.2,16.1,0.881,9.4,28.2,37.5,19.2,14.2,7.4,4.4,3.6,15.3,15.6,82.4,5.0,2,1,5,1,1,7,5,6,2,4,2,2,2,2,3,1,1,6,6,2,4,2,5,3,3,1,2024,Playoffs,2026-05-24T14:25:55.658431
1611661317,Phoenix Mercury,2,0,2,0.0,40.0,36.0,71.0,0.507,11.0,26.5,0.415,8.5,12.5,0.68,7.0,24.0,31.0,22.0,13.0,5.5,4.0,3.0,23.5,13.5,91.5,-10.0,5,5,1,5,3,1,3,1,1,2,1,6,7,7,6,6,7,1,5,7,5,1,8,6,1,6,2024,Playoffs,2026-05-24T14:25:55.658431
1611661328,Seattle Storm,2,0,2,0.0,40.0,27.0,71.5,0.378,6.0,19.5,0.308,11.5,13.0,0.885,8.5,26.5,35.0,16.5,9.5,8.0,3.5,5.5,11.5,12.0,71.5,-9.0,5,5,1,5,3,8,1,8,7,7,6,5,6,1,5,2,3,8,1,1,7,7,1,7,8,5,2024,Playoffs,2026-05-24T14:25:55.658431
1611661330,Atlanta Dream,44,30,14,0.682,40.1,30.1,67.8,0.443,9.6,28.4,0.337,14.7,18.7,0.786,8.9,27.7,36.6,21.4,12.5,6.8,4.5,3.6,15.8,17.0,84.4,7.6,1,2,2,2,3,6,6,6,3,2,7,7,4,6,3,1,1,3,2,11,4,4,1,8,5,2,2025,Regular Season,2026-05-24T14:25:56.799421
1611661329,Chicago Sky,44,10,34,0.227,40.0,28.0,66.0,0.425,6.7,20.2,0.33,13.0,17.1,0.763,9.8,25.7,35.5,19.3,16.9,6.0,4.2,5.5,17.8,16.7,75.8,-10.0,1,12,12,12,10,10,10,10,10,12,9,11,11,11,2,5,2,10,13,13,6,13,8,10,13,12,2025,Regular Season,2026-05-24T14:25:56.799421
1611661323,Connecticut Sun,44,11,33,0.25,40.1,27.6,67.1,0.412,6.2,20.4,0.302,14.5,18.2,0.793,8.5,23.3,31.9,17.4,14.0,7.8,3.7,3.8,19.6,17.5,75.8,-10.1,1,11,11,11,3,12,9,12,12,11,13,8,8,5,7,13,12,13,8,3,9,5,13,6,12,13,2025,Regular Season,2026-05-24T14:25:56.799421
1611661321,Dallas Wings,44,10,34,0.227,40.1,30.2,71.4,0.423,6.6,21.6,0.304,14.8,18.4,0.802,10.0,25.3,35.4,20.2,13.9,7.3,4.0,4.7,18.9,17.6,81.7,-6.3,1,12,12,12,3,5,1,11,11,10,12,6,6,4,1,8,3,8,7,8,7,11,12,5,9,11,2025,Regular Season,2026-05-24T14:25:56.799421
1611661331,Golden State Valkyries,44,23,21,0.523,40.1,26.5,65.2,0.407,9.7,29.9,0.325,15.0,18.4,0.815,8.7,26.6,35.3,18.5,14.2,6.8,2.9,4.1,17.5,17.8,77.7,1.4,1,7,7,7,3,13,12,13,1,1,11,5,6,3,5,3,4,12,10,10,12,9,7,4,10,8,2025,Regular Season,2026-05-24T14:25:56.799421
1611661325,Indiana Fever,44,24,20,0.545,40.1,31.4,68.8,0.456,8.3,24.0,0.346,13.8,18.0,0.77,8.8,24.6,33.4,20.6,14.0,7.7,2.8,3.9,18.6,19.0,84.9,3.4,1,6,6,6,3,2,3,3,8,8,4,10,9,9,4,11,9,7,8,5,13,7,11,2,3,4,2025,Regular Season,2026-05-24T14:25:56.799421
1611661319,Las Vegas Aces,44,30,14,0.682,40.0,29.7,67.6,0.439,9.1,25.9,0.351,15.2,18.5,0.824,8.1,25.4,33.5,19.6,13.0,7.5,4.9,2.6,16.6,17.2,83.6,2.9,1,2,2,2,10,8,7,8,6,5,3,4,5,2,9,7,8,9,4,7,2,1,4,7,6,5,2025,Regular Season,2026-05-24T14:25:56.799421
1611661320,Los Angeles Sparks,44,21,23,0.477,40.3,30.7,67.1,0.457,8.6,25.6,0.337,15.7,20.4,0.769,8.0,25.3,33.3,20.7,15.0,7.3,3.1,4.7,16.9,18.3,85.7,-2.6,1,9,9,9,1,4,8,2,7,6,8,1,2,10,10,10,10,6,11,9,11,11,5,3,2,9,2025,Regular Season,2026-05-24T14:25:56.799421
1611661324,Minnesota Lynx,44,34,10,0.773,40.1,32.1,68.1,0.472,9.6,25.4,0.378,12.2,16.1,0.76,8.5,25.6,34.2,23.3,13.0,8.2,4.8,2.8,16.0,16.4,86.1,9.4,1,1,1,1,3,1,5,1,2,7,1,13,12,12,7,6,6,1,3,2,3,2,2,13,1,1,2025,Regular Season,2026-05-24T14:25:56.799421
1611661313,New York Liberty,44,27,17,0.614,40.0,29.6,65.3,0.453,9.5,26.8,0.355,15.6,18.7,0.837,6.8,26.9,33.7,21.8,13.8,7.6,4.4,3.3,16.2,16.8,84.4,4.1,1,4,4,4,10,9,11,4,4,4,2,2,3,1,13,2,7,2,6,6,5,3,3,9,4,3,2025,Regular Season,2026-05-24T14:25:56.799421
1611661317,Phoenix Mercury,44,27,17,0.614,40.0,29.7,68.6,0.433,9.4,27.7,0.34,13.9,17.8,0.784,8.7,26.0,34.7,20.9,13.5,7.8,3.7,3.8,17.8,16.4,82.8,2.7,1,4,4,4,10,7,4,9,5,3,6,9,10,7,6,4,5,5,5,4,8,6,8,12,7,6,2025,Regular Season,2026-05-24T14:25:56.799421
1611661328,Seattle Storm,44,23,21,0.523,40.2,31.1,69.2,0.45,7.5,22.1,0.342,12.3,16.0,0.771,6.9,24.0,30.9,21.3,12.3,8.5,5.1,4.2,17.1,16.6,82.1,2.0,1,7,7,7,2,3,2,5,9,9,5,12,13,8,12,12,13,4,1,1,1,10,6,11,8,7,2025,Regular Season,2026-05-24T14:25:56.799421
1611661322,Washington Mystics,44,16,28,0.364,40.1,28.0,63.7,0.439,5.6,17.1,0.329,15.6,20.7,0.754,7.7,25.3,33.0,19.2,15.3,6.5,3.2,3.9,18.2,19.6,77.1,-4.4,1,10,10,10,3,11,13,7,13,13,10,3,1,13,11,8,11,11,12,12,10,7,10,1,11,10,2025,Regular Season,2026-05-24T14:25:56.799421
1611661330,Atlanta Dream,3,1,2,0.333,40.0,29.7,70.0,0.424,6.0,21.3,0.281,9.7,14.0,0.69,8.0,26.0,34.0,19.3,15.0,7.3,4.0,2.7,23.0,16.3,75.0,-2.3,5,5,1,5,6,5,3,6,7,5,7,7,6,8,3,4,5,5,5,3,4,2,8,6,6,5,2025,Playoffs,2026-05-24T14:25:58.524040
1611661331,Golden State Valkyries,2,0,2,0.0,40.0,24.0,61.5,0.39,10.0,26.5,0.377,15.0,18.0,0.833,4.5,22.5,27.0,19.5,16.0,7.0,3.5,3.0,18.0,19.5,73.0,-15.0,8,8,1,8,6,7,8,7,1,2,3,3,4,1,8,8,8,4,8,5,6,5,5,2,7,8,2025,Playoffs,2026-05-24T14:25:58.524040
1611661325,Indiana Fever,8,4,4,0.5,40.6,28.9,68.1,0.424,5.8,18.4,0.313,17.6,22.4,0.788,9.6,25.5,35.1,17.4,15.4,6.5,2.5,5.4,17.9,21.1,81.1,-1.6,3,3,7,2,4,6,6,5,8,8,4,1,1,5,1,5,3,7,7,6,8,7,4,1,4,4,2025,Playoffs,2026-05-24T14:25:58.524040
1611661319,Las Vegas Aces,12,9,3,0.75,40.4,32.3,68.6,0.47,8.0,21.1,0.379,16.1,20.3,0.794,7.3,23.6,30.9,21.0,11.8,8.6,5.7,2.9,18.2,19.0,88.6,6.0,1,1,5,1,5,2,5,1,3,6,2,2,2,4,6,7,7,2,1,1,1,4,6,3,1,1,2025,Playoffs,2026-05-24T14:25:58.524040
1611661324,Minnesota Lynx,6,3,3,0.5,40.8,32.7,72.5,0.451,8.2,26.2,0.312,9.5,11.5,0.826,7.5,27.0,34.5,21.2,12.8,8.3,4.5,2.7,15.7,13.7,83.0,4.0,4,4,5,2,3,1,1,2,2,3,5,8,8,2,5,3,4,1,3,2,3,2,2,8,2,2,2025,Playoffs,2026-05-24T14:25:58.524040
1611661313,New York Liberty,3,1,2,0.333,41.7,24.0,67.7,0.355,7.7,30.3,0.253,14.0,20.0,0.7,7.0,32.0,39.0,17.0,15.3,6.0,5.3,2.3,15.3,17.0,69.7,-8.3,5,5,1,5,1,7,7,8,6,1,8,5,3,7,7,1,1,8,6,8,2,1,1,4,8,7,2025,Playoffs,2026-05-24T14:25:58.524040
1611661317,Phoenix Mercury,11,5,6,0.455,40.9,29.9,70.4,0.425,7.8,25.3,0.309,14.2,17.5,0.808,8.0,29.2,37.2,19.7,12.8,7.1,2.5,5.5,15.8,15.3,81.8,0.2,2,2,8,4,2,4,2,4,5,4,6,4,5,3,3,2,2,3,2,4,7,8,3,7,3,3,2025,Playoffs,2026-05-24T14:25:58.524040
1611661328,Seattle Storm,3,1,2,0.333,40.0,30.0,69.3,0.433,8.0,18.7,0.429,10.7,13.7,0.78,8.7,24.3,33.0,18.0,13.3,6.3,3.7,4.7,19.0,17.0,78.7,-7.7,5,5,1,5,6,3,4,3,3,7,1,6,7,6,2,6,6,6,4,7,5,6,7,4,5,6,2025,Playoffs,2026-05-24T14:25:58.524040
1611661330,Atlanta Dream,4,3,1,0.75,40.0,29.5,69.3,0.426,6.8,25.0,0.27,18.8,24.3,0.773,11.5,31.0,42.5,18.0,16.0,7.3,4.5,6.8,17.8,20.5,84.5,5.5,14,4,1,1,4,10,6,10,11,7,14,7,5,9,1,1,1,10,11,9,6,15,1,10,10,5,2026,Regular Season,2026-05-24T14:25:59.549285
1611661329,Chicago Sky,6,3,3,0.5,40.0,28.7,68.8,0.416,5.8,21.5,0.271,20.2,26.7,0.756,8.3,26.5,34.8,18.0,11.5,6.3,5.7,5.7,21.2,21.7,83.3,0.0,3,4,8,7,4,12,7,12,13,11,13,3,2,11,7,6,5,10,2,14,3,13,7,8,13,9,2026,Regular Season,2026-05-24T14:25:59.549285
1611661323,Connecticut Sun,7,1,6,0.143,40.0,29.6,72.0,0.411,5.7,20.0,0.286,12.4,18.1,0.685,10.0,23.9,33.9,18.7,15.4,8.1,3.1,5.9,22.9,19.7,77.3,-13.0,1,15,15,15,4,9,1,14,14,13,12,15,15,15,3,10,8,8,8,1,13,14,10,14,15,15,2026,Regular Season,2026-05-24T14:25:59.549285
1611661321,Dallas Wings,6,3,3,0.5,40.0,32.5,70.3,0.462,8.0,23.2,0.345,14.5,18.7,0.777,8.2,21.8,30.0,23.7,12.2,7.5,3.2,3.7,20.2,19.0,87.5,1.7,3,4,8,7,4,3,4,6,8,9,6,12,14,7,8,12,12,2,3,5,12,5,5,15,7,7,2026,Regular Season,2026-05-24T14:25:59.549285
1611661331,Golden State Valkyries,5,3,2,0.6,40.0,28.0,71.4,0.392,11.0,30.6,0.359,16.6,21.6,0.769,10.4,23.8,34.2,17.2,10.2,6.4,4.8,4.4,20.8,22.0,83.6,6.0,12,4,2,5,4,13,2,15,1,1,2,10,9,10,2,11,6,14,1,12,5,9,6,6,11,4,2026,Regular Season,2026-05-24T14:25:59.549285
1611661325,Indiana Fever,6,4,2,0.667,40.8,32.5,70.7,0.46,9.5,28.5,0.333,19.2,23.2,0.827,7.7,25.3,33.0,22.3,16.2,7.0,3.7,4.7,24.0,25.3,93.7,6.7,3,1,2,2,3,3,3,7,4,4,10,4,7,3,10,7,9,3,12,10,9,10,14,2,2,2,2026,Regular Season,2026-05-24T14:25:59.549285
1611661319,Las Vegas Aces,6,4,2,0.667,40.0,35.2,69.8,0.504,7.0,20.7,0.339,14.3,19.3,0.741,7.7,28.0,35.7,22.3,15.5,7.0,7.8,2.5,18.5,19.8,91.7,4.2,3,1,2,2,4,1,5,1,10,12,9,13,13,12,10,4,4,3,9,10,1,2,2,11,3,6,2026,Regular Season,2026-05-24T14:25:59.549285
1611661320,Los Angeles Sparks,6,3,3,0.5,40.0,32.5,64.7,0.503,9.3,25.2,0.371,17.2,21.3,0.805,6.8,21.0,27.8,20.8,17.0,8.0,2.2,5.2,23.3,22.5,91.5,-4.5,3,4,8,7,4,3,14,2,5,6,1,9,10,5,12,14,15,5,14,2,15,12,12,4,4,12,2026,Regular Season,2026-05-24T14:25:59.549285
1611661324,Minnesota Lynx,6,4,2,0.667,40.0,34.0,68.0,0.5,6.5,18.7,0.348,14.2,19.7,0.72,9.7,29.3,39.0,20.5,16.7,7.5,5.2,3.7,21.7,19.8,88.7,6.3,3,1,2,2,4,2,8,3,12,15,5,14,12,13,4,2,2,6,13,5,4,5,8,11,5,3,2026,Regular Season,2026-05-24T14:25:59.549285
1611661313,New York Liberty,5,3,2,0.6,41.0,32.2,65.4,0.492,10.6,29.6,0.358,19.0,22.6,0.841,6.6,27.6,34.2,24.0,15.8,6.4,3.4,2.4,22.2,22.4,94.0,7.0,12,4,2,5,2,6,12,4,2,3,3,5,8,2,13,5,6,1,10,12,11,1,9,5,1,1,2026,Regular Season,2026-05-24T14:25:59.549285
1611661317,Phoenix Mercury,6,2,4,0.333,40.0,29.2,67.2,0.434,8.2,23.8,0.343,22.0,27.5,0.8,8.2,24.7,32.8,18.7,12.2,7.3,3.5,4.8,19.3,24.2,88.5,0.7,3,12,12,13,4,11,10,9,7,8,7,1,1,6,8,9,10,9,3,7,10,11,3,3,6,8,2026,Regular Season,2026-05-24T14:25:59.549285
1611661327,Portland Fire,6,3,3,0.5,40.0,30.5,66.8,0.456,9.0,25.7,0.351,16.3,19.8,0.824,6.3,21.7,28.0,18.8,13.5,7.8,4.3,4.3,23.0,19.8,86.3,-4.7,3,4,8,7,4,7,11,8,6,5,4,11,11,4,14,13,14,7,5,3,7,8,11,11,8,13,2026,Regular Season,2026-05-24T14:25:59.549285
1611661328,Seattle Storm,6,2,4,0.333,40.0,26.3,62.7,0.42,7.7,22.5,0.341,18.8,24.3,0.774,6.2,25.3,31.5,17.0,14.7,7.3,6.5,4.0,20.0,21.3,79.2,-2.0,3,12,12,13,4,15,15,11,9,10,8,6,4,8,15,7,11,15,7,7,2,7,4,9,14,10,2026,Regular Season,2026-05-24T14:25:59.549285
1611661332,Toronto Tempo,7,3,4,0.429,40.0,27.9,67.7,0.411,10.0,30.4,0.329,20.3,23.9,0.85,9.1,20.9,30.0,17.6,13.7,7.7,3.1,3.6,23.4,21.7,86.0,-3.3,1,4,12,12,4,14,9,13,3,2,11,2,6,1,6,15,12,13,6,4,13,4,13,7,9,11,2026,Regular Season,2026-05-24T14:25:59.549285
1611661322,Washington Mystics,4,2,2,0.5,42.5,30.3,65.3,0.464,5.3,19.5,0.269,17.8,24.8,0.717,9.5,29.0,38.5,18.0,17.8,5.8,3.8,3.0,25.0,25.5,83.5,-5.8,14,12,2,7,1,8,13,5,15,14,15,8,3,14,5,3,3,10,15,15,8,3,15,1,12,14,2026,Regular Season,2026-05-24T14:25:59.549285
