game_id,season,season_type,game_date,updated_at,away_team_id,away_team_abbr,away_pts,away_wl,home_team_id,home_team_abbr,home_pts,home_wl
1022400001,2024,Regular Season,2024-05-14,2026-05-21T18:53:53.521079,1611661313,NYL,85,W,1611661322,WAS,80,L
1022400003,2024,Regular Season,2024-05-14,2026-05-21T18:53:53.521079,1611661317,PHO,80,L,1611661319,LVA,89,W
1022400002,2024,Regular Season,2024-05-14,2026-05-21T18:53:53.521079,1611661325,IND,71,L,1611661323,CON,92,W
1022400004,2024,Regular Season,2024-05-14,2026-05-21T18:53:53.521079,1611661324,MIN,83,W,1611661328,SEA,70,L
1022400006,2024,Regular Season,2024-05-15,2026-05-21T18:53:53.521079,1611661330,ATL,92,W,1611661320,LAS,81,L
1022400005,2024,Regular Season,2024-05-15,2026-05-21T18:53:53.521079,1611661329,CHI,79,L,1611661321,DAL,87,W
1022400007,2024,Regular Season,2024-05-16,2026-05-21T18:53:53.521079,1611661313,NYL,102,W,1611661325,IND,66,L
1022400008,2024,Regular Season,2024-05-17,2026-05-21T18:53:53.521079,1611661322,WAS,77,L,1611661323,CON,84,W
1022400009,2024,Regular Season,2024-05-17,2026-05-21T18:53:53.521079,1611661328,SEA,93,L,1611661324,MIN,102,W
1022400010,2024,Regular Season,2024-05-18,2026-05-21T18:53:53.521079,1611661325,IND,80,L,1611661313,NYL,91,W
1022400013,2024,Regular Season,2024-05-18,2026-05-21T18:53:53.521079,1611661330,ATL,85,L,1611661317,PHO,88,W
1022400011,2024,Regular Season,2024-05-18,2026-05-21T18:53:53.521079,1611661320,LAS,82,L,1611661319,LVA,89,W
1022400012,2024,Regular Season,2024-05-18,2026-05-21T18:53:53.521079,1611661329,CHI,83,W,1611661321,DAL,74,L
1022400014,2024,Regular Season,2024-05-19,2026-05-21T18:53:53.521079,1611661328,SEA,84,W,1611661322,WAS,75,L
1022400016,2024,Regular Season,2024-05-20,2026-05-21T18:53:53.521079,1611661328,SEA,63,L,1611661313,NYL,74,W
1022400015,2024,Regular Season,2024-05-20,2026-05-21T18:53:53.521079,1611661323,CON,88,W,1611661325,IND,84,L
1022400018,2024,Regular Season,2024-05-21,2026-05-21T18:53:53.521079,1611661317,PHO,98,W,1611661319,LVA,88,L
1022400019,2024,Regular Season,2024-05-21,2026-05-21T18:53:53.521079,1611661322,WAS,68,L,1611661320,LAS,70,W
1022400017,2024,Regular Season,2024-05-21,2026-05-21T18:53:53.521079,1611661321,DAL,78,L,1611661330,ATL,83,W
1022400020,2024,Regular Season,2024-05-22,2026-05-21T18:53:53.521079,1611661325,IND,83,L,1611661328,SEA,85,W
1022400022,2024,Regular Season,2024-05-23,2026-05-21T18:53:53.521079,1611661329,CHI,90,W,1611661313,NYL,81,L
1022400023,2024,Regular Season,2024-05-23,2026-05-21T18:53:53.521079,1611661322,WAS,80,L,1611661317,PHO,83,W
1022400021,2024,Regular Season,2024-05-23,2026-05-21T18:53:53.521079,1611661324,MIN,82,L,1611661323,CON,83,W
1022400024,2024,Regular Season,2024-05-24,2026-05-21T18:53:53.521079,1611661325,IND,78,W,1611661320,LAS,73,L
1022400025,2024,Regular Season,2024-05-25,2026-05-21T18:53:53.521079,1611661313,NYL,67,L,1611661324,MIN,84,W
1022400029,2024,Regular Season,2024-05-25,2026-05-21T18:53:53.521079,1611661321,DAL,107,W,1611661317,PHO,92,L
1022400027,2024,Regular Season,2024-05-25,2026-05-21T18:53:53.521079,1611661325,IND,80,L,1611661319,LVA,99,W
1022400028,2024,Regular Season,2024-05-25,2026-05-21T18:53:53.521079,1611661322,WAS,69,L,1611661328,SEA,101,W
1022400026,2024,Regular Season,2024-05-25,2026-05-21T18:53:53.521079,1611661323,CON,86,W,1611661329,CHI,82,L
1022400031,2024,Regular Season,2024-05-26,2026-05-21T18:53:53.521079,1611661321,DAL,84,W,1611661320,LAS,83,L
1022400030,2024,Regular Season,2024-05-26,2026-05-21T18:53:53.521079,1611661324,MIN,92,W,1611661330,ATL,79,L
1022400032,2024,Regular Season,2024-05-28,2026-05-21T18:53:53.521079,1611661317,PHO,47,L,1611661323,CON,70,W
1022400033,2024,Regular Season,2024-05-28,2026-05-21T18:53:53.521079,1611661320,LAS,88,W,1611661325,IND,82,L
1022400034,2024,Regular Season,2024-05-28,2026-05-21T18:53:53.521079,1611661328,SEA,77,W,1611661329,CHI,68,L
1022400035,2024,Regular Season,2024-05-29,2026-05-21T18:53:53.521079,1611661317,PHO,78,L,1611661313,NYL,81,W
1022400037,2024,Regular Season,2024-05-29,2026-05-21T18:53:53.521079,1611661319,LVA,80,W,1611661324,MIN,66,L
1022400036,2024,Regular Season,2024-05-29,2026-05-21T18:53:53.521079,1611661330,ATL,73,W,1611661322,WAS,67,L
1022400039,2024,Regular Season,2024-05-30,2026-05-21T18:53:53.521079,1611661320,LAS,73,L,1611661329,CHI,83,W
1022400038,2024,Regular Season,2024-05-30,2026-05-21T18:53:53.521079,1611661328,SEA,103,W,1611661325,IND,88,L
1022400042,2024,Regular Season,2024-05-31,2026-05-21T18:53:53.521079,1611661322,WAS,79,L,1611661313,NYL,90,W
1022400043,2024,Regular Season,2024-05-31,2026-05-21T18:53:53.521079,1611661317,PHO,71,L,1611661324,MIN,95,W
1022400040,2024,Regular Season,2024-05-31,2026-05-21T18:53:53.521079,1611661319,LVA,74,L,1611661330,ATL,78,W
1022400041,2024,Regular Season,2024-05-31,2026-05-21T18:53:53.521079,1611661321,DAL,72,L,1611661323,CON,74,W
1022400044,2024,Regular Season,2024-06-01,2026-05-21T18:53:53.521079,1611661329,CHI,70,L,1611661325,IND,71,W
1022400046,2024,Regular Season,2024-06-02,2026-05-21T18:53:53.521079,1611661325,IND,68,L,1611661313,NYL,104,W
1022400048,2024,Regular Season,2024-06-02,2026-05-21T18:53:53.521079,1611661320,LAS,68,L,1611661317,PHO,87,W
1022400047,2024,Regular Season,2024-06-02,2026-05-21T18:53:53.521079,1611661321,DAL,76,L,1611661324,MIN,87,W
1022400045,2024,Regular Season,2024-06-02,2026-05-21T18:53:53.521079,1611661323,CON,69,W,1611661330,ATL,50,L
1022400050,2024,Regular Season,2024-06-04,2026-05-21T18:53:53.521079,1611661313,NYL,88,W,1611661329,CHI,75,L
1022400051,2024,Regular Season,2024-06-04,2026-05-21T18:53:53.521079,1611661317,PHO,62,L,1611661328,SEA,80,W
1022400049,2024,Regular Season,2024-06-04,2026-05-21T18:53:53.521079,1611661322,WAS,59,L,1611661323,CON,76,W
1022400052,2024,Regular Season,2024-06-05,2026-05-21T18:53:53.521079,1611661319,LVA,95,W,1611661321,DAL,81,L
1022400053,2024,Regular Season,2024-06-05,2026-05-21T18:53:53.521079,1611661324,MIN,86,W,1611661320,LAS,62,L
1022400055,2024,Regular Season,2024-06-06,2026-05-21T18:53:53.521079,1611661313,NYL,78,W,1611661330,ATL,61,L
1022400054,2024,Regular Season,2024-06-06,2026-05-21T18:53:53.521079,1611661329,CHI,79,W,1611661322,WAS,71,L
1022400059,2024,Regular Season,2024-06-07,2026-05-21T18:53:53.521079,1611661324,MIN,80,L,1611661317,PHO,81,W
1022400057,2024,Regular Season,2024-06-07,2026-05-21T18:53:53.521079,1611661328,SEA,78,W,1611661319,LVA,65,L
1022400058,2024,Regular Season,2024-06-07,2026-05-21T18:53:53.521079,1611661321,DAL,72,L,1611661320,LAS,81,W
1022400056,2024,Regular Season,2024-06-07,2026-05-21T18:53:53.521079,1611661325,IND,85,W,1611661322,WAS,83,L
1022400060,2024,Regular Season,2024-06-08,2026-05-21T18:53:53.521079,1611661313,NYL,82,W,1611661323,CON,75,L
1022400061,2024,Regular Season,2024-06-08,2026-05-21T18:53:53.521079,1611661330,ATL,89,W,1611661329,CHI,80,L
1022400062,2024,Regular Season,2024-06-09,2026-05-21T18:53:53.521079,1611661322,WAS,88,L,1611661313,NYL,93,W
1022400063,2024,Regular Season,2024-06-09,2026-05-21T18:53:53.521079,1611661317,PHO,97,W,1611661321,DAL,90,L
1022400065,2024,Regular Season,2024-06-09,2026-05-21T18:53:53.521079,1611661319,LVA,92,L,1611661320,LAS,96,W
1022400064,2024,Regular Season,2024-06-09,2026-05-21T18:53:53.521079,1611661328,SEA,64,L,1611661324,MIN,83,W
1022400066,2024,Regular Season,2024-06-10,2026-05-21T18:53:53.521079,1611661325,IND,72,L,1611661323,CON,89,W
1022400068,2024,Regular Season,2024-06-11,2026-05-21T18:53:53.521079,1611661324,MIN,100,W,1611661319,LVA,86,L
1022400069,2024,Regular Season,2024-06-11,2026-05-21T18:53:53.521079,1611661320,LAS,79,L,1611661328,SEA,95,W
1022400067,2024,Regular Season,2024-06-11,2026-05-21T18:53:53.521079,1611661322,WAS,87,W,1611661330,ATL,68,L
1022400070,2024,Regular Season,2024-06-12,2026-05-21T18:53:53.521079,1611661323,CON,83,W,1611661329,CHI,75,L
1022400073,2024,Regular Season,2024-06-13,2026-05-21T18:53:53.521079,1611661319,LVA,103,W,1611661317,PHO,99,L
1022400072,2024,Regular Season,2024-06-13,2026-05-21T18:53:53.521079,1611661328,SEA,92,W,1611661321,DAL,84,L
1022400071,2024,Regular Season,2024-06-13,2026-05-21T18:53:53.521079,1611661330,ATL,84,L,1611661325,IND,91,W
1022400075,2024,Regular Season,2024-06-14,2026-05-21T18:53:53.521079,1611661320,LAS,76,L,1611661324,MIN,81,W
1022400074,2024,Regular Season,2024-06-14,2026-05-21T18:53:53.521079,1611661329,CHI,81,L,1611661322,WAS,83,W
1022400077,2024,Regular Season,2024-06-15,2026-05-21T18:53:53.521079,1611661313,NYL,90,W,1611661319,LVA,82,L
1022400076,2024,Regular Season,2024-06-15,2026-05-21T18:53:53.521079,1611661323,CON,85,W,1611661321,DAL,67,L
1022400078,2024,Regular Season,2024-06-16,2026-05-21T18:53:53.521079,1611661328,SEA,78,L,1611661317,PHO,87,W
1022400080,2024,Regular Season,2024-06-16,2026-05-21T18:53:53.521079,1611661320,LAS,74,L,1611661330,ATL,87,W
1022400079,2024,Regular Season,2024-06-16,2026-05-21T18:53:53.521079,1611661329,CHI,83,L,1611661325,IND,91,W
1022400081,2024,Regular Season,2024-06-17,2026-05-21T18:53:53.521079,1611661321,DAL,78,L,1611661324,MIN,90,W
1022400083,2024,Regular Season,2024-06-18,2026-05-21T18:53:53.521079,1611661313,NYL,93,L,1611661317,PHO,99,W
1022400082,2024,Regular Season,2024-06-18,2026-05-21T18:53:53.521079,1611661320,LAS,70,L,1611661323,CON,79,W
1022400086,2024,Regular Season,2024-06-19,2026-05-21T18:53:53.521079,1611661328,SEA,83,L,1611661319,LVA,94,W
1022400084,2024,Regular Season,2024-06-19,2026-05-21T18:53:53.521079,1611661322,WAS,81,L,1611661325,IND,88,W
1022400085,2024,Regular Season,2024-06-19,2026-05-21T18:53:53.521079,1611661330,ATL,55,L,1611661324,MIN,68,W
1022400088,2024,Regular Season,2024-06-20,2026-05-21T18:53:53.521079,1611661320,LAS,80,L,1611661313,NYL,93,W
1022400087,2024,Regular Season,2024-06-20,2026-05-21T18:53:53.521079,1611661321,DAL,72,L,1611661329,CHI,83,W
1022400090,2024,Regular Season,2024-06-21,2026-05-21T18:53:53.521079,1611661323,CON,74,L,1611661319,LVA,85,W
1022400089,2024,Regular Season,2024-06-21,2026-05-21T18:53:53.521079,1611661325,IND,91,W,1611661330,ATL,79,L
1022400092,2024,Regular Season,2024-06-22,2026-05-21T18:53:53.521079,1611661320,LAS,88,L,1611661313,NYL,98,W
1022400093,2024,Regular Season,2024-06-22,2026-05-21T18:53:53.521079,1611661317,PHO,60,L,1611661324,MIN,73,W
1022400091,2024,Regular Season,2024-06-22,2026-05-21T18:53:53.521079,1611661321,DAL,69,L,1611661322,WAS,97,W
1022400094,2024,Regular Season,2024-06-23,2026-05-21T18:53:53.521079,1611661313,NYL,96,W,1611661330,ATL,75,L
1022400095,2024,Regular Season,2024-06-23,2026-05-21T18:53:53.521079,1611661321,DAL,84,L,1611661322,WAS,92,W
1022400097,2024,Regular Season,2024-06-23,2026-05-21T18:53:53.521079,1611661323,CON,61,L,1611661328,SEA,72,W
1022400096,2024,Regular Season,2024-06-23,2026-05-21T18:53:53.521079,1611661325,IND,87,L,1611661329,CHI,88,W
1022400100,2024,Regular Season,2024-06-27,2026-05-21T18:53:53.521079,1611661319,LVA,95,W,1611661329,CHI,83,L
1022400098,2024,Regular Season,2024-06-27,2026-05-21T18:53:53.521079,1611661324,MIN,88,L,1611661321,DAL,94,W
1022400099,2024,Regular Season,2024-06-27,2026-05-21T18:53:53.521079,1611661323,CON,94,W,1611661322,WAS,91,L
1022400101,2024,Regular Season,2024-06-27,2026-05-21T18:53:53.521079,1611661325,IND,77,L,1611661328,SEA,89,W
1022400103,2024,Regular Season,2024-06-28,2026-05-21T18:53:53.521079,1611661320,LAS,78,L,1611661317,PHO,92,W
1022400102,2024,Regular Season,2024-06-28,2026-05-21T18:53:53.521079,1611661330,ATL,78,W,1611661323,CON,74,L
1022400104,2024,Regular Season,2024-06-29,2026-05-21T18:53:53.521079,1611661319,LVA,88,W,1611661322,WAS,77,L
1022400105,2024,Regular Season,2024-06-29,2026-05-21T18:53:53.521079,1611661321,DAL,76,L,1611661328,SEA,97,W
1022400106,2024,Regular Season,2024-06-30,2026-05-21T18:53:53.521079,1611661330,ATL,75,L,1611661313,NYL,81,W
1022400108,2024,Regular Season,2024-06-30,2026-05-21T18:53:53.521079,1611661325,IND,88,W,1611661317,PHO,82,L
1022400107,2024,Regular Season,2024-06-30,2026-05-21T18:53:53.521079,1611661324,MIN,70,W,1611661329,CHI,62,L
1022400109,2024,Regular Season,2024-07-01,2026-05-21T18:53:53.521079,1611661323,CON,83,W,1611661317,PHO,72,L
1022400110,2024,Regular Season,2024-07-01,2026-05-21T18:53:53.521079,1611661321,DAL,71,L,1611661328,SEA,95,W
1022400111,2024,Regular Season,2024-07-02,2026-05-21T18:53:53.521079,1611661324,MIN,67,L,1611661313,NYL,76,W
1022400113,2024,Regular Season,2024-07-02,2026-05-21T18:53:53.521079,1611661325,IND,69,L,1611661319,LVA,88,W
1022400114,2024,Regular Season,2024-07-02,2026-05-21T18:53:53.521079,1611661322,WAS,82,W,1611661320,LAS,80,L
1022400112,2024,Regular Season,2024-07-02,2026-05-21T18:53:53.521079,1611661329,CHI,85,W,1611661330,ATL,77,L
1022400115,2024,Regular Season,2024-07-03,2026-05-21T18:53:53.521079,1611661317,PHO,104,W,1611661321,DAL,96,L
1022400117,2024,Regular Season,2024-07-04,2026-05-21T18:53:53.521079,1611661322,WAS,77,L,1611661319,LVA,98,W
1022400116,2024,Regular Season,2024-07-04,2026-05-21T18:53:53.521079,1611661323,CON,78,W,1611661324,MIN,73,L
1022400119,2024,Regular Season,2024-07-05,2026-05-21T18:53:53.521079,1611661319,LVA,93,L,1611661320,LAS,98,W
1022400118,2024,Regular Season,2024-07-05,2026-05-21T18:53:53.521079,1611661330,ATL,82,L,1611661321,DAL,85,W
1022400120,2024,Regular Season,2024-07-05,2026-05-21T18:53:53.521079,1611661329,CHI,88,W,1611661328,SEA,84,L
1022400121,2024,Regular Season,2024-07-06,2026-05-21T18:53:53.521079,1611661313,NYL,78,L,1611661325,IND,83,W
1022400122,2024,Regular Season,2024-07-06,2026-05-21T18:53:53.521079,1611661322,WAS,67,L,1611661324,MIN,74,W
1022400126,2024,Regular Season,2024-07-07,2026-05-21T18:53:53.521079,1611661317,PHO,84,W,1611661320,LAS,78,L
1022400124,2024,Regular Season,2024-07-07,2026-05-21T18:53:53.521079,1611661321,DAL,85,L,1611661319,LVA,104,W
1022400123,2024,Regular Season,2024-07-07,2026-05-21T18:53:53.521079,1611661330,ATL,67,L,1611661323,CON,80,W
1022400125,2024,Regular Season,2024-07-07,2026-05-21T18:53:53.521079,1611661329,CHI,71,L,1611661328,SEA,84,W
1022400127,2024,Regular Season,2024-07-09,2026-05-21T18:53:53.521079,1611661324,MIN,82,W,1611661320,LAS,67,L
1022400128,2024,Regular Season,2024-07-10,2026-05-21T18:53:53.521079,1611661313,NYL,71,W,1611661323,CON,68,L
1022400132,2024,Regular Season,2024-07-10,2026-05-21T18:53:53.521079,1611661321,DAL,84,L,1611661317,PHO,100,W
1022400131,2024,Regular Season,2024-07-10,2026-05-21T18:53:53.521079,1611661319,LVA,84,W,1611661328,SEA,79,L
1022400129,2024,Regular Season,2024-07-10,2026-05-21T18:53:53.521079,1611661322,WAS,89,W,1611661325,IND,84,L
1022400130,2024,Regular Season,2024-07-10,2026-05-21T18:53:53.521079,1611661330,ATL,69,L,1611661329,CHI,78,W
1022400133,2024,Regular Season,2024-07-11,2026-05-21T18:53:53.521079,1611661329,CHI,76,L,1611661313,NYL,91,W
1022400135,2024,Regular Season,2024-07-12,2026-05-21T18:53:53.521079,1611661317,PHO,86,L,1611661325,IND,95,W
1022400134,2024,Regular Season,2024-07-12,2026-05-21T18:53:53.521079,1611661319,LVA,84,W,1611661330,ATL,70,L
1022400136,2024,Regular Season,2024-07-12,2026-05-21T18:53:53.521079,1611661324,MIN,63,L,1611661328,SEA,91,W
1022400137,2024,Regular Season,2024-07-13,2026-05-21T18:53:53.521079,1611661313,NYL,81,W,1611661329,CHI,67,L
1022400138,2024,Regular Season,2024-07-13,2026-05-21T18:53:53.521079,1611661320,LAS,87,W,1611661321,DAL,81,L
1022400139,2024,Regular Season,2024-07-14,2026-05-21T18:53:53.521079,1611661317,PHO,69,L,1611661323,CON,96,W
1022400140,2024,Regular Season,2024-07-14,2026-05-21T18:53:53.521079,1611661319,LVA,89,W,1611661322,WAS,77,L
1022400142,2024,Regular Season,2024-07-14,2026-05-21T18:53:53.521079,1611661325,IND,81,W,1611661324,MIN,74,L
1022400141,2024,Regular Season,2024-07-14,2026-05-21T18:53:53.521079,1611661330,ATL,70,L,1611661328,SEA,81,W
1022400145,2024,Regular Season,2024-07-16,2026-05-21T18:53:53.521079,1611661323,CON,74,L,1611661313,NYL,82,W
1022400143,2024,Regular Season,2024-07-16,2026-05-21T18:53:53.521079,1611661317,PHO,96,W,1611661322,WAS,87,L
1022400146,2024,Regular Season,2024-07-16,2026-05-21T18:53:53.521079,1611661329,CHI,93,W,1611661319,LVA,85,L
1022400144,2024,Regular Season,2024-07-16,2026-05-21T18:53:53.521079,1611661328,SEA,89,W,1611661320,LAS,83,L
1022400148,2024,Regular Season,2024-07-17,2026-05-21T18:53:53.521079,1611661325,IND,93,L,1611661321,DAL,101,W
1022400147,2024,Regular Season,2024-07-17,2026-05-21T18:53:53.521079,1611661330,ATL,79,L,1611661324,MIN,86,W
1022400151,2024,Regular Season,2024-08-15,2026-05-21T18:53:53.521079,1611661313,NYL,103,W,1611661320,LAS,68,L
1022400149,2024,Regular Season,2024-08-15,2026-05-21T18:53:53.521079,1611661317,PHO,85,W,1611661329,CHI,65,L
1022400150,2024,Regular Season,2024-08-15,2026-05-21T18:53:53.521079,1611661322,WAS,68,L,1611661324,MIN,79,W
1022400153,2024,Regular Season,2024-08-16,2026-05-21T18:53:53.521079,1611661317,PHO,89,L,1611661325,IND,98,W
1022400154,2024,Regular Season,2024-08-16,2026-05-21T18:53:53.521079,1611661323,CON,109,W,1611661321,DAL,91,L
1022400152,2024,Regular Season,2024-08-16,2026-05-21T18:53:53.521079,1611661328,SEA,81,L,1611661330,ATL,83,W
1022400156,2024,Regular Season,2024-08-17,2026-05-21T18:53:53.521079,1611661313,NYL,79,W,1611661319,LVA,67,L
1022400157,2024,Regular Season,2024-08-17,2026-05-21T18:53:53.521079,1611661329,CHI,90,W,1611661320,LAS,86,L
1022400155,2024,Regular Season,2024-08-17,2026-05-21T18:53:53.521079,1611661324,MIN,99,W,1611661322,WAS,83,L
1022400161,2024,Regular Season,2024-08-18,2026-05-21T18:53:53.521079,1611661329,CHI,68,L,1611661317,PHO,86,W
1022400159,2024,Regular Season,2024-08-18,2026-05-21T18:53:53.521079,1611661320,LAS,71,L,1611661319,LVA,87,W
1022400158,2024,Regular Season,2024-08-18,2026-05-21T18:53:53.521079,1611661323,CON,70,L,1611661330,ATL,82,W
1022400160,2024,Regular Season,2024-08-18,2026-05-21T18:53:53.521079,1611661328,SEA,75,L,1611661325,IND,92,W
1022400163,2024,Regular Season,2024-08-20,2026-05-21T18:53:53.521079,1611661321,DAL,74,L,1611661313,NYL,94,W
1022400162,2024,Regular Season,2024-08-20,2026-05-21T18:53:53.521079,1611661320,LAS,61,L,1611661323,CON,69,W
1022400164,2024,Regular Season,2024-08-20,2026-05-21T18:53:53.521079,1611661328,SEA,83,W,1611661322,WAS,77,L
1022400165,2024,Regular Season,2024-08-21,2026-05-21T18:53:53.521079,1611661317,PHO,63,L,1611661330,ATL,72,W
1022400166,2024,Regular Season,2024-08-21,2026-05-21T18:53:53.521079,1611661324,MIN,98,W,1611661319,LVA,87,L
1022400167,2024,Regular Season,2024-08-22,2026-05-21T18:53:53.521079,1611661321,DAL,71,L,1611661313,NYL,79,W
1022400168,2024,Regular Season,2024-08-23,2026-05-21T18:53:53.521079,1611661317,PHO,82,W,1611661330,ATL,80,L
1022400171,2024,Regular Season,2024-08-23,2026-05-21T18:53:53.521079,1611661319,LVA,74,L,1611661324,MIN,87,W
1022400170,2024,Regular Season,2024-08-23,2026-05-21T18:53:53.521079,1611661320,LAS,74,L,1611661322,WAS,80,W
1022400169,2024,Regular Season,2024-08-23,2026-05-21T18:53:53.521079,1611661329,CHI,80,L,1611661323,CON,82,W
1022400172,2024,Regular Season,2024-08-24,2026-05-21T18:53:53.521079,1611661323,CON,72,W,1611661313,NYL,64,L
1022400173,2024,Regular Season,2024-08-24,2026-05-21T18:53:53.521079,1611661325,IND,80,L,1611661324,MIN,90,W
1022400174,2024,Regular Season,2024-08-25,2026-05-21T18:53:53.521079,1611661319,LVA,77,W,1611661329,CHI,75,L
1022400175,2024,Regular Season,2024-08-25,2026-05-21T18:53:53.521079,1611661320,LAS,110,L,1611661321,DAL,113,W
1022400177,2024,Regular Season,2024-08-26,2026-05-21T18:53:53.521079,1611661313,NYL,84,W,1611661317,PHO,70,L
1022400178,2024,Regular Season,2024-08-26,2026-05-21T18:53:53.521079,1611661322,WAS,74,W,1611661328,SEA,72,L
1022400176,2024,Regular Season,2024-08-26,2026-05-21T18:53:53.521079,1611661325,IND,84,W,1611661330,ATL,79,L
1022400179,2024,Regular Season,2024-08-27,2026-05-21T18:53:53.521079,1611661319,LVA,90,L,1611661321,DAL,93,W
1022400182,2024,Regular Season,2024-08-28,2026-05-21T18:53:53.521079,1611661313,NYL,88,L,1611661320,LAS,94,W
1022400183,2024,Regular Season,2024-08-28,2026-05-21T18:53:53.521079,1611661324,MIN,89,W,1611661317,PHO,76,L
1022400181,2024,Regular Season,2024-08-28,2026-05-21T18:53:53.521079,1611661322,WAS,74,W,1611661329,CHI,70,L
1022400180,2024,Regular Season,2024-08-28,2026-05-21T18:53:53.521079,1611661323,CON,80,L,1611661325,IND,84,W
1022400184,2024,Regular Season,2024-08-28,2026-05-21T18:53:53.521079,1611661330,ATL,81,L,1611661328,SEA,85,W
1022400188,2024,Regular Season,2024-08-30,2026-05-21T18:53:53.521079,1611661313,NYL,98,W,1611661328,SEA,85,L
1022400187,2024,Regular Season,2024-08-30,2026-05-21T18:53:53.521079,1611661330,ATL,72,L,1611661319,LVA,83,W
1022400186,2024,Regular Season,2024-08-30,2026-05-21T18:53:53.521079,1611661324,MIN,76,L,1611661321,DAL,94,W
1022400185,2024,Regular Season,2024-08-30,2026-05-21T18:53:53.521079,1611661325,IND,100,W,1611661329,CHI,81,L
1022400189,2024,Regular Season,2024-08-31,2026-05-21T18:53:53.521079,1611661323,CON,96,W,1611661322,WAS,85,L
1022400194,2024,Regular Season,2024-09-01,2026-05-21T18:53:53.521079,1611661319,LVA,97,W,1611661317,PHO,79,L
1022400193,2024,Regular Season,2024-09-01,2026-05-21T18:53:53.521079,1611661330,ATL,80,W,1611661320,LAS,62,L
1022400192,2024,Regular Season,2024-09-01,2026-05-21T18:53:53.521079,1611661325,IND,100,W,1611661321,DAL,93,L
1022400190,2024,Regular Season,2024-09-01,2026-05-21T18:53:53.521079,1611661328,SEA,86,L,1611661323,CON,93,W
1022400191,2024,Regular Season,2024-09-01,2026-05-21T18:53:53.521079,1611661329,CHI,74,L,1611661324,MIN,79,W
1022400198,2024,Regular Season,2024-09-03,2026-05-21T18:53:53.521079,1611661330,ATL,66,L,1611661317,PHO,74,W
1022400197,2024,Regular Season,2024-09-03,2026-05-21T18:53:53.521079,1611661329,CHI,71,L,1611661319,LVA,90,W
1022400196,2024,Regular Season,2024-09-03,2026-05-21T18:53:53.521079,1611661322,WAS,90,W,1611661321,DAL,86,L
1022400195,2024,Regular Season,2024-09-03,2026-05-21T18:53:53.521079,1611661328,SEA,71,W,1611661323,CON,64,L
1022400199,2024,Regular Season,2024-09-04,2026-05-21T18:53:53.521079,1611661320,LAS,86,L,1611661325,IND,93,W
1022400200,2024,Regular Season,2024-09-05,2026-05-21T18:53:53.521079,1611661328,SEA,70,L,1611661313,NYL,77,W
1022400201,2024,Regular Season,2024-09-05,2026-05-21T18:53:53.521079,1611661322,WAS,90,W,1611661317,PHO,77,L
1022400203,2024,Regular Season,2024-09-06,2026-05-21T18:53:53.521079,1611661319,LVA,72,W,1611661323,CON,67,L
1022400205,2024,Regular Season,2024-09-06,2026-05-21T18:53:53.521079,1611661320,LAS,78,L,1611661329,CHI,92,W
1022400202,2024,Regular Season,2024-09-06,2026-05-21T18:53:53.521079,1611661321,DAL,96,L,1611661330,ATL,107,W
1022400204,2024,Regular Season,2024-09-06,2026-05-21T18:53:53.521079,1611661324,MIN,99,W,1611661325,IND,88,L
1022400206,2024,Regular Season,2024-09-07,2026-05-21T18:53:53.521079,1611661317,PHO,66,L,1611661328,SEA,90,W
1022400209,2024,Regular Season,2024-09-08,2026-05-21T18:53:53.521079,1611661319,LVA,71,L,1611661313,NYL,75,W
1022400211,2024,Regular Season,2024-09-08,2026-05-21T18:53:53.521079,1611661323,CON,79,W,1611661320,LAS,67,L
1022400210,2024,Regular Season,2024-09-08,2026-05-21T18:53:53.521079,1611661321,DAL,77,L,1611661329,CHI,92,W
1022400207,2024,Regular Season,2024-09-08,2026-05-21T18:53:53.521079,1611661324,MIN,78,W,1611661322,WAS,71,L
1022400208,2024,Regular Season,2024-09-08,2026-05-21T18:53:53.521079,1611661330,ATL,100,L,1611661325,IND,104,W
1022400213,2024,Regular Season,2024-09-10,2026-05-21T18:53:53.521079,1611661313,NYL,105,W,1611661321,DAL,91,L
1022400214,2024,Regular Season,2024-09-10,2026-05-21T18:53:53.521079,1611661323,CON,86,W,1611661320,LAS,66,L
1022400212,2024,Regular Season,2024-09-10,2026-05-21T18:53:53.521079,1611661324,MIN,76,W,1611661330,ATL,64,L
1022400215,2024,Regular Season,2024-09-11,2026-05-21T18:53:53.521079,1611661319,LVA,86,W,1611661325,IND,75,L
1022400217,2024,Regular Season,2024-09-11,2026-05-21T18:53:53.521079,1611661328,SEA,90,W,1611661320,LAS,82,L
1022400216,2024,Regular Season,2024-09-11,2026-05-21T18:53:53.521079,1611661322,WAS,89,W,1611661329,CHI,58,L
1022400218,2024,Regular Season,2024-09-12,2026-05-21T18:53:53.521079,1611661313,NYL,99,W,1611661321,DAL,67,L
1022400223,2024,Regular Season,2024-09-13,2026-05-21T18:53:53.521079,1611661323,CON,88,W,1611661317,PHO,69,L
1022400220,2024,Regular Season,2024-09-13,2026-05-21T18:53:53.521079,1611661319,LVA,78,W,1611661325,IND,74,L
1022400221,2024,Regular Season,2024-09-13,2026-05-21T18:53:53.521079,1611661328,SEA,83,W,1611661321,DAL,81,L
1022400219,2024,Regular Season,2024-09-13,2026-05-21T18:53:53.521079,1611661322,WAS,72,W,1611661330,ATL,69,L
1022400222,2024,Regular Season,2024-09-13,2026-05-21T18:53:53.521079,1611661329,CHI,66,L,1611661324,MIN,83,W
1022400225,2024,Regular Season,2024-09-15,2026-05-21T18:53:53.521079,1611661324,MIN,88,W,1611661313,NYL,79,L
1022400227,2024,Regular Season,2024-09-15,2026-05-21T18:53:53.521079,1611661317,PHO,93,W,1611661329,CHI,88,L
1022400228,2024,Regular Season,2024-09-15,2026-05-21T18:53:53.521079,1611661323,CON,71,L,1611661319,LVA,84,W
1022400229,2024,Regular Season,2024-09-15,2026-05-21T18:53:53.521079,1611661320,LAS,87,L,1611661328,SEA,90,W
1022400224,2024,Regular Season,2024-09-15,2026-05-21T18:53:53.521079,1611661321,DAL,109,L,1611661325,IND,110,W
1022400226,2024,Regular Season,2024-09-15,2026-05-21T18:53:53.521079,1611661330,ATL,76,W,1611661322,WAS,73,L
1022400231,2024,Regular Season,2024-09-17,2026-05-21T18:53:53.521079,1611661313,NYL,87,W,1611661322,WAS,71,L
1022400233,2024,Regular Season,2024-09-17,2026-05-21T18:53:53.521079,1611661317,PHO,85,W,1611661320,LAS,81,L
1022400234,2024,Regular Season,2024-09-17,2026-05-21T18:53:53.521079,1611661319,LVA,85,W,1611661328,SEA,72,L
1022400230,2024,Regular Season,2024-09-17,2026-05-21T18:53:53.521079,1611661324,MIN,78,W,1611661323,CON,76,L
1022400232,2024,Regular Season,2024-09-17,2026-05-21T18:53:53.521079,1611661329,CHI,70,L,1611661330,ATL,86,W
1022400236,2024,Regular Season,2024-09-19,2026-05-21T18:53:53.521079,1611661330,ATL,78,W,1611661313,NYL,67,L
1022400240,2024,Regular Season,2024-09-19,2026-05-21T18:53:53.521079,1611661328,SEA,89,W,1611661317,PHO,70,L
1022400239,2024,Regular Season,2024-09-19,2026-05-21T18:53:53.521079,1611661321,DAL,84,L,1611661319,LVA,98,W
1022400238,2024,Regular Season,2024-09-19,2026-05-21T18:53:53.521079,1611661320,LAS,68,W,1611661324,MIN,51,L
1022400237,2024,Regular Season,2024-09-19,2026-05-21T18:53:53.521079,1611661325,IND,91,L,1611661322,WAS,92,W
1022400235,2024,Regular Season,2024-09-19,2026-05-21T18:53:53.521079,1611661329,CHI,54,L,1611661323,CON,87,W
1042400101,2024,Playoffs,2024-09-22,2026-05-21T18:53:53.521079,1611661313,NYL,83,W,1611661330,ATL,69,L
1042400111,2024,Playoffs,2024-09-22,2026-05-21T18:53:53.521079,1611661324,MIN,102,W,1611661317,PHO,95,L
1042400131,2024,Playoffs,2024-09-22,2026-05-21T18:53:53.521079,1611661319,LVA,78,W,1611661328,SEA,67,L
1042400121,2024,Playoffs,2024-09-22,2026-05-21T18:53:53.521079,1611661323,CON,93,W,1611661325,IND,69,L
1042400102,2024,Playoffs,2024-09-24,2026-05-21T18:53:53.521079,1611661313,NYL,91,W,1611661330,ATL,82,L
1042400132,2024,Playoffs,2024-09-24,2026-05-21T18:53:53.521079,1611661319,LVA,83,W,1611661328,SEA,76,L
1042400112,2024,Playoffs,2024-09-25,2026-05-21T18:53:53.521079,1611661324,MIN,101,W,1611661317,PHO,88,L
1042400122,2024,Playoffs,2024-09-25,2026-05-21T18:53:53.521079,1611661323,CON,87,W,1611661325,IND,81,L
1042400201,2024,Playoffs,2024-09-29,2026-05-21T18:53:53.521079,1611661313,NYL,87,W,1611661319,LVA,77,L
1042400211,2024,Playoffs,2024-09-29,2026-05-21T18:53:53.521079,1611661324,MIN,70,L,1611661323,CON,73,W
1042400202,2024,Playoffs,2024-10-01,2026-05-21T18:53:53.521079,1611661313,NYL,88,W,1611661319,LVA,84,L
1042400212,2024,Playoffs,2024-10-01,2026-05-21T18:53:53.521079,1611661324,MIN,77,W,1611661323,CON,70,L
1042400203,2024,Playoffs,2024-10-04,2026-05-21T18:53:53.521079,1611661319,LVA,95,W,1611661313,NYL,81,L
1042400213,2024,Playoffs,2024-10-04,2026-05-21T18:53:53.521079,1611661323,CON,81,L,1611661324,MIN,90,W
1042400204,2024,Playoffs,2024-10-06,2026-05-21T18:53:53.521079,1611661319,LVA,62,L,1611661313,NYL,76,W
1042400214,2024,Playoffs,2024-10-06,2026-05-21T18:53:53.521079,1611661323,CON,92,W,1611661324,MIN,82,L
1042400215,2024,Playoffs,2024-10-08,2026-05-21T18:53:53.521079,1611661324,MIN,88,W,1611661323,CON,77,L
1042400301,2024,Playoffs,2024-10-10,2026-05-21T18:53:53.521079,1611661313,NYL,93,L,1611661324,MIN,95,W
1042400302,2024,Playoffs,2024-10-13,2026-05-21T18:53:53.521079,1611661313,NYL,80,W,1611661324,MIN,66,L
1042400303,2024,Playoffs,2024-10-16,2026-05-21T18:53:53.521079,1611661324,MIN,77,L,1611661313,NYL,80,W
1042400304,2024,Playoffs,2024-10-18,2026-05-21T18:53:53.521079,1611661324,MIN,82,W,1611661313,NYL,80,L
1042400305,2024,Playoffs,2024-10-20,2026-05-21T18:53:53.521079,1611661313,NYL,67,W,1611661324,MIN,62,L
1022500003,2025,Regular Season,2025-05-16,2026-05-21T18:53:53.521079,1611661320,LAS,84,W,1611661331,GSV,67,L
1022500002,2025,Regular Season,2025-05-16,2026-05-21T18:53:53.521079,1611661324,MIN,99,W,1611661321,DAL,84,L
1022500001,2025,Regular Season,2025-05-16,2026-05-21T18:53:53.521079,1611661330,ATL,90,L,1611661322,WAS,94,W
1022500005,2025,Regular Season,2025-05-17,2026-05-21T18:53:53.521079,1611661319,LVA,78,L,1611661313,NYL,92,W
1022500006,2025,Regular Season,2025-05-17,2026-05-21T18:53:53.521079,1611661328,SEA,59,L,1611661317,PHX,81,W
1022500004,2025,Regular Season,2025-05-17,2026-05-21T18:53:53.521079,1611661329,CHI,58,L,1611661325,IND,93,W
1022500008,2025,Regular Season,2025-05-18,2026-05-21T18:53:53.521079,1611661324,MIN,89,W,1611661320,LAS,75,L
1022500007,2025,Regular Season,2025-05-18,2026-05-21T18:53:53.521079,1611661322,WAS,90,W,1611661323,CON,85,L
1022500009,2025,Regular Season,2025-05-19,2026-05-21T18:53:53.521079,1611661328,SEA,79,W,1611661321,DAL,71,L
1022500010,2025,Regular Season,2025-05-20,2026-05-21T18:53:53.521079,1611661319,LVA,87,W,1611661323,CON,62,L
1022500011,2025,Regular Season,2025-05-20,2026-05-21T18:53:53.521079,1611661330,ATL,91,W,1611661325,IND,90,L
1022500014,2025,Regular Season,2025-05-21,2026-05-21T18:53:53.521079,1611661320,LAS,86,L,1611661317,PHX,89,W
1022500012,2025,Regular Season,2025-05-21,2026-05-21T18:53:53.521079,1611661321,DAL,81,L,1611661324,MIN,85,W
1022500013,2025,Regular Season,2025-05-21,2026-05-21T18:53:53.521079,1611661322,WAS,74,L,1611661331,GSV,76,W
1022500016,2025,Regular Season,2025-05-22,2026-05-21T18:53:53.521079,1611661313,NYL,99,W,1611661329,CHI,74,L
1022500015,2025,Regular Season,2025-05-22,2026-05-21T18:53:53.521079,1611661325,IND,81,W,1611661330,ATL,76,L
1022500020,2025,Regular Season,2025-05-23,2026-05-21T18:53:53.521079,1611661317,PHX,70,L,1611661328,SEA,77,W
1022500018,2025,Regular Season,2025-05-23,2026-05-21T18:53:53.521079,1611661322,WAS,72,L,1611661319,LVA,75,W
1022500019,2025,Regular Season,2025-05-23,2026-05-21T18:53:53.521079,1611661331,GSV,82,W,1611661320,LAS,73,L
1022500017,2025,Regular Season,2025-05-23,2026-05-21T18:53:53.521079,1611661323,CON,70,L,1611661324,MIN,76,W
1022500021,2025,Regular Season,2025-05-24,2026-05-21T18:53:53.521079,1611661313,NYL,90,W,1611661325,IND,88,L
1022500022,2025,Regular Season,2025-05-24,2026-05-21T18:53:53.521079,1611661321,DAL,75,L,1611661330,ATL,83,W
1022500025,2025,Regular Season,2025-05-25,2026-05-21T18:53:53.521079,1611661322,WAS,62,L,1611661317,PHX,68,W
1022500026,2025,Regular Season,2025-05-25,2026-05-21T18:53:53.521079,1611661319,LVA,82,L,1611661328,SEA,102,W
1022500024,2025,Regular Season,2025-05-25,2026-05-21T18:53:53.521079,1611661329,CHI,78,L,1611661320,LAS,91,W
1022500023,2025,Regular Season,2025-05-25,2026-05-21T18:53:53.521079,1611661323,CON,55,L,1611661330,ATL,79,W
1022500028,2025,Regular Season,2025-05-27,2026-05-21T18:53:53.521079,1611661331,GSV,67,L,1611661313,NYL,95,W
1022500031,2025,Regular Season,2025-05-27,2026-05-21T18:53:53.521079,1611661329,CHI,89,L,1611661317,PHX,94,W
1022500030,2025,Regular Season,2025-05-27,2026-05-21T18:53:53.521079,1611661330,ATL,88,W,1611661320,LAS,82,L
1022500027,2025,Regular Season,2025-05-27,2026-05-21T18:53:53.521079,1611661321,DAL,109,W,1611661323,CON,87,L
1022500029,2025,Regular Season,2025-05-27,2026-05-21T18:53:53.521079,1611661328,SEA,77,L,1611661324,MIN,82,W
1022500032,2025,Regular Season,2025-05-28,2026-05-21T18:53:53.521079,1611661325,IND,77,L,1611661322,WAS,83,W
1022500033,2025,Regular Season,2025-05-29,2026-05-21T18:53:53.521079,1611661331,GSV,77,L,1611661313,NYL,82,W
1022500034,2025,Regular Season,2025-05-29,2026-05-21T18:53:53.521079,1611661321,DAL,92,L,1611661329,CHI,97,W
1022500036,2025,Regular Season,2025-05-30,2026-05-21T18:53:53.521079,1611661313,NYL,85,W,1611661322,WAS,63,L
1022500038,2025,Regular Season,2025-05-30,2026-05-21T18:53:53.521079,1611661324,MIN,74,W,1611661317,PHX,71,L
1022500037,2025,Regular Season,2025-05-30,2026-05-21T18:53:53.521079,1611661320,LAS,81,L,1611661319,LVA,96,W
1022500035,2025,Regular Season,2025-05-30,2026-05-21T18:53:53.521079,1611661323,CON,85,W,1611661325,IND,83,L
1022500039,2025,Regular Season,2025-05-30,2026-05-21T18:53:53.521079,1611661330,ATL,94,W,1611661328,SEA,87,L
1022500040,2025,Regular Season,2025-05-31,2026-05-21T18:53:53.521079,1611661329,CHI,94,W,1611661321,DAL,83,L
1022500041,2025,Regular Season,2025-06-01,2026-05-21T18:53:53.521079,1611661323,CON,52,L,1611661313,NYL,100,W
1022500042,2025,Regular Season,2025-06-01,2026-05-21T18:53:53.521079,1611661317,PHX,85,W,1611661320,LAS,80,L
1022500043,2025,Regular Season,2025-06-01,2026-05-21T18:53:53.521079,1611661319,LVA,75,W,1611661328,SEA,70,L
1022500044,2025,Regular Season,2025-06-01,2026-05-21T18:53:53.521079,1611661324,MIN,86,W,1611661331,GSV,75,L
1022500046,2025,Regular Season,2025-06-03,2026-05-21T18:53:53.521079,1611661317,PHX,65,L,1611661324,MIN,88,W
1022500047,2025,Regular Season,2025-06-03,2026-05-21T18:53:53.521079,1611661321,DAL,77,L,1611661328,SEA,83,W
1022500045,2025,Regular Season,2025-06-03,2026-05-21T18:53:53.521079,1611661322,WAS,76,L,1611661325,IND,85,W
1022500048,2025,Regular Season,2025-06-05,2026-05-21T18:53:53.521079,1611661313,NYL,86,W,1611661322,WAS,78,L
1022500049,2025,Regular Season,2025-06-05,2026-05-21T18:53:53.521079,1611661331,GSV,77,L,1611661317,PHX,86,W
1022500051,2025,Regular Season,2025-06-06,2026-05-21T18:53:53.521079,1611661320,LAS,93,W,1611661321,DAL,79,L
1022500050,2025,Regular Season,2025-06-06,2026-05-21T18:53:53.521079,1611661330,ATL,76,L,1611661323,CON,84,W
1022500054,2025,Regular Season,2025-06-07,2026-05-21T18:53:53.521079,1611661328,SEA,89,W,1611661317,PHX,77,L
1022500052,2025,Regular Season,2025-06-07,2026-05-21T18:53:53.521079,1611661319,LVA,68,L,1611661331,GSV,95,W
1022500053,2025,Regular Season,2025-06-07,2026-05-21T18:53:53.521079,1611661325,IND,79,W,1611661329,CHI,52,L
1022500056,2025,Regular Season,2025-06-08,2026-05-21T18:53:53.521079,1611661324,MIN,81,W,1611661321,DAL,65,L
1022500055,2025,Regular Season,2025-06-08,2026-05-21T18:53:53.521079,1611661323,CON,67,L,1611661322,WAS,104,W
1022500057,2025,Regular Season,2025-06-09,2026-05-21T18:53:53.521079,1611661331,GSV,89,W,1611661320,LAS,81,L
1022500059,2025,Regular Season,2025-06-10,2026-05-21T18:53:53.521079,1611661329,CHI,66,L,1611661313,NYL,85,W
1022500058,2025,Regular Season,2025-06-10,2026-05-21T18:53:53.521079,1611661325,IND,58,L,1611661330,ATL,77,W
1022500061,2025,Regular Season,2025-06-11,2026-05-21T18:53:53.521079,1611661321,DAL,80,L,1611661317,PHX,93,W
1022500060,2025,Regular Season,2025-06-11,2026-05-21T18:53:53.521079,1611661320,LAS,97,W,1611661319,LVA,89,L
1022500062,2025,Regular Season,2025-06-11,2026-05-21T18:53:53.521079,1611661324,MIN,84,L,1611661328,SEA,94,W
1022500064,2025,Regular Season,2025-06-13,2026-05-21T18:53:53.521079,1611661321,DAL,84,L,1611661319,LVA,88,W
1022500063,2025,Regular Season,2025-06-13,2026-05-21T18:53:53.521079,1611661329,CHI,70,L,1611661330,ATL,88,W
1022500066,2025,Regular Season,2025-06-14,2026-05-21T18:53:53.521079,1611661313,NYL,88,L,1611661325,IND,102,W
1022500065,2025,Regular Season,2025-06-14,2026-05-21T18:53:53.521079,1611661320,LAS,78,L,1611661324,MIN,101,W
1022500067,2025,Regular Season,2025-06-14,2026-05-21T18:53:53.521079,1611661328,SEA,70,L,1611661331,GSV,76,W
1022500070,2025,Regular Season,2025-06-15,2026-05-21T18:53:53.521079,1611661317,PHX,76,W,1611661319,LVA,70,L
1022500069,2025,Regular Season,2025-06-15,2026-05-21T18:53:53.521079,1611661330,ATL,89,W,1611661322,WAS,56,L
1022500068,2025,Regular Season,2025-06-15,2026-05-21T18:53:53.521079,1611661329,CHI,78,W,1611661323,CON,66,L
1022500072,2025,Regular Season,2025-06-17,2026-05-21T18:53:53.521079,1611661330,ATL,81,L,1611661313,NYL,86,W
1022500075,2025,Regular Season,2025-06-17,2026-05-21T18:53:53.521079,1611661319,LVA,62,L,1611661324,MIN,76,W
1022500076,2025,Regular Season,2025-06-17,2026-05-21T18:53:53.521079,1611661328,SEA,98,W,1611661320,LAS,67,L
1022500074,2025,Regular Season,2025-06-17,2026-05-21T18:53:53.521079,1611661331,GSV,71,L,1611661321,DAL,80,W
1022500073,2025,Regular Season,2025-06-17,2026-05-21T18:53:53.521079,1611661322,WAS,79,W,1611661329,CHI,72,L
1022500071,2025,Regular Season,2025-06-17,2026-05-21T18:53:53.521079,1611661323,CON,71,L,1611661325,IND,88,W
1022500077,2025,Regular Season,2025-06-18,2026-05-21T18:53:53.521079,1611661317,PHX,83,W,1611661323,CON,75,L
1022500078,2025,Regular Season,2025-06-19,2026-05-21T18:53:53.521079,1611661317,PHX,89,W,1611661313,NYL,81,L
1022500079,2025,Regular Season,2025-06-19,2026-05-21T18:53:53.521079,1611661325,IND,77,L,1611661331,GSV,88,W
1022500082,2025,Regular Season,2025-06-20,2026-05-21T18:53:53.521079,1611661328,SEA,90,W,1611661319,LVA,83,L
1022500081,2025,Regular Season,2025-06-20,2026-05-21T18:53:53.521079,1611661321,DAL,86,W,1611661323,CON,83,L
1022500080,2025,Regular Season,2025-06-20,2026-05-21T18:53:53.521079,1611661322,WAS,91,L,1611661330,ATL,92,W
1022500083,2025,Regular Season,2025-06-21,2026-05-21T18:53:53.521079,1611661317,PHX,107,W,1611661329,CHI,86,L
1022500084,2025,Regular Season,2025-06-21,2026-05-21T18:53:53.521079,1611661320,LAS,66,L,1611661324,MIN,82,W
1022500088,2025,Regular Season,2025-06-22,2026-05-21T18:53:53.521079,1611661313,NYL,79,L,1611661328,SEA,89,W
1022500087,2025,Regular Season,2025-06-22,2026-05-21T18:53:53.521079,1611661325,IND,81,L,1611661319,LVA,89,W
1022500086,2025,Regular Season,2025-06-22,2026-05-21T18:53:53.521079,1611661321,DAL,88,L,1611661322,WAS,91,W
1022500089,2025,Regular Season,2025-06-22,2026-05-21T18:53:53.521079,1611661323,CON,63,L,1611661331,GSV,87,W
1022500085,2025,Regular Season,2025-06-22,2026-05-21T18:53:53.521079,1611661329,CHI,80,L,1611661330,ATL,93,W
1022500091,2025,Regular Season,2025-06-24,2026-05-21T18:53:53.521079,1611661320,LAS,86,L,1611661329,CHI,97,W
1022500092,2025,Regular Season,2025-06-24,2026-05-21T18:53:53.521079,1611661330,ATL,55,L,1611661321,DAL,68,W
1022500090,2025,Regular Season,2025-06-24,2026-05-21T18:53:53.521079,1611661324,MIN,64,L,1611661322,WAS,68,W
1022500093,2025,Regular Season,2025-06-24,2026-05-21T18:53:53.521079,1611661325,IND,94,W,1611661328,SEA,86,L
1022500094,2025,Regular Season,2025-06-25,2026-05-21T18:53:53.521079,1611661313,NYL,81,W,1611661331,GSV,78,L
1022500095,2025,Regular Season,2025-06-25,2026-05-21T18:53:53.521079,1611661323,CON,59,L,1611661319,LVA,85,W
1022500097,2025,Regular Season,2025-06-26,2026-05-21T18:53:53.521079,1611661322,WAS,94,W,1611661319,LVA,83,L
1022500096,2025,Regular Season,2025-06-26,2026-05-21T18:53:53.521079,1611661320,LAS,85,W,1611661325,IND,75,L
1022500101,2025,Regular Season,2025-06-27,2026-05-21T18:53:53.521079,1611661313,NYL,91,L,1611661317,PHX,106,W
1022500099,2025,Regular Season,2025-06-27,2026-05-21T18:53:53.521079,1611661325,IND,94,W,1611661321,DAL,86,L
1022500102,2025,Regular Season,2025-06-27,2026-05-21T18:53:53.521079,1611661323,CON,81,L,1611661328,SEA,97,W
1022500098,2025,Regular Season,2025-06-27,2026-05-21T18:53:53.521079,1611661324,MIN,96,W,1611661330,ATL,92,L
1022500100,2025,Regular Season,2025-06-27,2026-05-21T18:53:53.521079,1611661329,CHI,78,L,1611661331,GSV,83,W
1022500103,2025,Regular Season,2025-06-28,2026-05-21T18:53:53.521079,1611661322,WAS,71,L,1611661321,DAL,79,W
1022500104,2025,Regular Season,2025-06-29,2026-05-21T18:53:53.521079,1611661313,NYL,81,L,1611661330,ATL,90,W
1022500106,2025,Regular Season,2025-06-29,2026-05-21T18:53:53.521079,1611661319,LVA,84,W,1611661317,PHX,81,L
1022500105,2025,Regular Season,2025-06-29,2026-05-21T18:53:53.521079,1611661329,CHI,92,W,1611661320,LAS,85,L
1022500107,2025,Regular Season,2025-06-29,2026-05-21T18:53:53.521079,1611661323,CON,63,L,1611661324,MIN,102,W
1022500108,2025,Regular Season,2025-06-29,2026-05-21T18:53:53.521079,1611661328,SEA,57,L,1611661331,GSV,84,W
1022500110,2025,Regular Season,2025-07-03,2026-05-21T18:53:53.521079,1611661320,LAS,79,L,1611661313,NYL,89,W
1022500112,2025,Regular Season,2025-07-03,2026-05-21T18:53:53.521079,1611661317,PHX,89,L,1611661321,DAL,98,W
1022500109,2025,Regular Season,2025-07-03,2026-05-21T18:53:53.521079,1611661319,LVA,54,L,1611661325,IND,81,W
1022500113,2025,Regular Season,2025-07-03,2026-05-21T18:53:53.521079,1611661322,WAS,75,L,1611661324,MIN,92,W
1022500111,2025,Regular Season,2025-07-03,2026-05-21T18:53:53.521079,1611661328,SEA,80,W,1611661330,ATL,79,L
1022500114,2025,Regular Season,2025-07-05,2026-05-21T18:53:53.521079,1611661320,LAS,89,W,1611661325,IND,87,L
1022500115,2025,Regular Season,2025-07-05,2026-05-21T18:53:53.521079,1611661331,GSV,71,L,1611661324,MIN,82,W
1022500117,2025,Regular Season,2025-07-06,2026-05-21T18:53:53.521079,1611661328,SEA,79,W,1611661313,NYL,70,L
1022500116,2025,Regular Season,2025-07-06,2026-05-21T18:53:53.521079,1611661319,LVA,86,W,1611661323,CON,68,L
1022500118,2025,Regular Season,2025-07-06,2026-05-21T18:53:53.521079,1611661329,CHI,75,L,1611661324,MIN,80,W
1022500120,2025,Regular Season,2025-07-07,2026-05-21T18:53:53.521079,1611661321,DAL,72,L,1611661317,PHX,102,W
1022500119,2025,Regular Season,2025-07-07,2026-05-21T18:53:53.521079,1611661331,GSV,81,L,1611661330,ATL,90,W
1022500122,2025,Regular Season,2025-07-08,2026-05-21T18:53:53.521079,1611661319,LVA,78,L,1611661313,NYL,87,W
1022500121,2025,Regular Season,2025-07-08,2026-05-21T18:53:53.521079,1611661329,CHI,79,L,1611661322,WAS,81,W
1022500125,2025,Regular Season,2025-07-09,2026-05-21T18:53:53.521079,1611661324,MIN,71,L,1611661317,PHX,79,W
1022500126,2025,Regular Season,2025-07-09,2026-05-21T18:53:53.521079,1611661321,DAL,76,L,1611661329,CHI,87,W
1022500123,2025,Regular Season,2025-07-09,2026-05-21T18:53:53.521079,1611661328,SEA,83,L,1611661323,CON,93,W
1022500124,2025,Regular Season,2025-07-09,2026-05-21T18:53:53.521079,1611661331,GSV,80,W,1611661325,IND,61,L
1022500128,2025,Regular Season,2025-07-10,2026-05-21T18:53:53.521079,1611661319,LVA,68,L,1611661322,WAS,70,W
1022500127,2025,Regular Season,2025-07-10,2026-05-21T18:53:53.521079,1611661324,MIN,91,W,1611661320,LAS,82,L
1022500130,2025,Regular Season,2025-07-11,2026-05-21T18:53:53.521079,1611661323,CON,65,L,1611661328,SEA,79,W
1022500129,2025,Regular Season,2025-07-11,2026-05-21T18:53:53.521079,1611661330,ATL,82,L,1611661325,IND,99,W
1022500132,2025,Regular Season,2025-07-12,2026-05-21T18:53:53.521079,1611661331,GSV,102,L,1611661319,LVA,104,W
1022500131,2025,Regular Season,2025-07-12,2026-05-21T18:53:53.521079,1611661324,MIN,81,L,1611661329,CHI,87,W
1022500134,2025,Regular Season,2025-07-13,2026-05-21T18:53:53.521079,1611661330,ATL,72,L,1611661313,NYL,79,W
1022500135,2025,Regular Season,2025-07-13,2026-05-21T18:53:53.521079,1611661323,CON,88,L,1611661320,LAS,92,W
1022500133,2025,Regular Season,2025-07-13,2026-05-21T18:53:53.521079,1611661321,DAL,83,L,1611661325,IND,102,W
1022500136,2025,Regular Season,2025-07-13,2026-05-21T18:53:53.521079,1611661322,WAS,74,W,1611661328,SEA,69,L
1022500138,2025,Regular Season,2025-07-14,2026-05-21T18:53:53.521079,1611661317,PHX,78,W,1611661331,GSV,77,L
1022500137,2025,Regular Season,2025-07-14,2026-05-21T18:53:53.521079,1611661324,MIN,91,W,1611661329,CHI,78,L
1022500140,2025,Regular Season,2025-07-15,2026-05-21T18:53:53.521079,1611661322,WAS,80,L,1611661320,LAS,99,W
1022500139,2025,Regular Season,2025-07-15,2026-05-21T18:53:53.521079,1611661325,IND,85,W,1611661323,CON,77,L
1022500144,2025,Regular Season,2025-07-16,2026-05-21T18:53:53.521079,1611661325,IND,77,L,1611661313,NYL,98,W
1022500142,2025,Regular Season,2025-07-16,2026-05-21T18:53:53.521079,1611661317,PHX,66,L,1611661324,MIN,79,W
1022500145,2025,Regular Season,2025-07-16,2026-05-21T18:53:53.521079,1611661319,LVA,90,W,1611661321,DAL,86,L
1022500143,2025,Regular Season,2025-07-16,2026-05-21T18:53:53.521079,1611661331,GSV,58,L,1611661328,SEA,67,W
1022500141,2025,Regular Season,2025-07-16,2026-05-21T18:53:53.521079,1611661330,ATL,86,W,1611661329,CHI,49,L
1022500147,2025,Regular Season,2025-07-22,2026-05-21T18:53:53.521079,1611661325,IND,84,L,1611661313,NYL,98,W
1022500149,2025,Regular Season,2025-07-22,2026-05-21T18:53:53.521079,1611661330,ATL,72,L,1611661319,LVA,87,W
1022500146,2025,Regular Season,2025-07-22,2026-05-21T18:53:53.521079,1611661320,LAS,93,W,1611661322,WAS,86,L
1022500150,2025,Regular Season,2025-07-22,2026-05-21T18:53:53.521079,1611661321,DAL,87,W,1611661328,SEA,63,L
1022500148,2025,Regular Season,2025-07-22,2026-05-21T18:53:53.521079,1611661329,CHI,68,L,1611661324,MIN,91,W
1022500151,2025,Regular Season,2025-07-23,2026-05-21T18:53:53.521079,1611661330,ATL,90,W,1611661317,PHX,79,L
1022500153,2025,Regular Season,2025-07-24,2026-05-21T18:53:53.521079,1611661319,LVA,70,L,1611661325,IND,80,W
1022500152,2025,Regular Season,2025-07-24,2026-05-21T18:53:53.521079,1611661320,LAS,101,W,1611661323,CON,86,L
1022500154,2025,Regular Season,2025-07-24,2026-05-21T18:53:53.521079,1611661328,SEA,95,W,1611661329,CHI,57,L
1022500155,2025,Regular Season,2025-07-25,2026-05-21T18:53:53.521079,1611661317,PHX,76,L,1611661313,NYL,89,W
1022500156,2025,Regular Season,2025-07-25,2026-05-21T18:53:53.521079,1611661319,LVA,78,L,1611661324,MIN,109,W
1022500157,2025,Regular Season,2025-07-25,2026-05-21T18:53:53.521079,1611661321,DAL,76,L,1611661331,GSV,86,W
1022500159,2025,Regular Season,2025-07-26,2026-05-21T18:53:53.521079,1611661320,LAS,101,W,1611661313,NYL,99,L
1022500160,2025,Regular Season,2025-07-26,2026-05-21T18:53:53.521079,1611661328,SEA,58,L,1611661322,WAS,69,W
1022500163,2025,Regular Season,2025-07-27,2026-05-21T18:53:53.521079,1611661317,PHX,88,W,1611661322,WAS,72,L
1022500162,2025,Regular Season,2025-07-27,2026-05-21T18:53:53.521079,1611661319,LVA,106,W,1611661321,DAL,80,L
1022500161,2025,Regular Season,2025-07-27,2026-05-21T18:53:53.521079,1611661331,GSV,64,L,1611661323,CON,95,W
1022500164,2025,Regular Season,2025-07-27,2026-05-21T18:53:53.521079,1611661330,ATL,90,W,1611661324,MIN,86,L
1022500158,2025,Regular Season,2025-07-27,2026-05-21T18:53:53.521079,1611661325,IND,93,W,1611661329,CHI,78,L
1022500166,2025,Regular Season,2025-07-28,2026-05-21T18:53:53.521079,1611661313,NYL,82,L,1611661321,DAL,92,W
1022500165,2025,Regular Season,2025-07-28,2026-05-21T18:53:53.521079,1611661328,SEA,101,W,1611661323,CON,85,L
1022500169,2025,Regular Season,2025-07-29,2026-05-21T18:53:53.521079,1611661319,LVA,89,W,1611661320,LAS,74,L
1022500168,2025,Regular Season,2025-07-29,2026-05-21T18:53:53.521079,1611661329,CHI,86,L,1611661322,WAS,103,W
1022500167,2025,Regular Season,2025-07-29,2026-05-21T18:53:53.521079,1611661331,GSV,77,W,1611661330,ATL,75,L
1022500172,2025,Regular Season,2025-07-30,2026-05-21T18:53:53.521079,1611661313,NYL,93,L,1611661324,MIN,100,W
1022500170,2025,Regular Season,2025-07-30,2026-05-21T18:53:53.521079,1611661317,PHX,101,L,1611661325,IND,107,W
1022500171,2025,Regular Season,2025-07-30,2026-05-21T18:53:53.521079,1611661330,ATL,88,W,1611661321,DAL,85,L
1022500173,2025,Regular Season,2025-07-31,2026-05-21T18:53:53.521079,1611661331,GSV,68,W,1611661322,WAS,67,L
1022500175,2025,Regular Season,2025-08-01,2026-05-21T18:53:53.521079,1611661313,NYL,62,L,1611661323,CON,78,W
1022500174,2025,Regular Season,2025-08-01,2026-05-21T18:53:53.521079,1611661317,PHX,72,L,1611661330,ATL,95,W
1022500178,2025,Regular Season,2025-08-01,2026-05-21T18:53:53.521079,1611661320,LAS,108,W,1611661328,SEA,106,L
1022500177,2025,Regular Season,2025-08-01,2026-05-21T18:53:53.521079,1611661325,IND,88,W,1611661321,DAL,78,L
1022500176,2025,Regular Season,2025-08-01,2026-05-21T18:53:53.521079,1611661331,GSV,73,W,1611661329,CHI,66,L
1022500179,2025,Regular Season,2025-08-02,2026-05-21T18:53:53.521079,1611661324,MIN,111,W,1611661319,LVA,58,L
1022500181,2025,Regular Season,2025-08-03,2026-05-21T18:53:53.521079,1611661313,NYL,87,W,1611661323,CON,78,L
1022500182,2025,Regular Season,2025-08-03,2026-05-21T18:53:53.521079,1611661317,PHX,83,W,1611661329,CHI,67,L
1022500183,2025,Regular Season,2025-08-03,2026-05-21T18:53:53.521079,1611661331,GSV,77,L,1611661319,LVA,101,W
1022500180,2025,Regular Season,2025-08-03,2026-05-21T18:53:53.521079,1611661322,WAS,83,L,1611661330,ATL,99,W
1022500184,2025,Regular Season,2025-08-03,2026-05-21T18:53:53.521079,1611661325,IND,78,W,1611661328,SEA,74,L
1022500185,2025,Regular Season,2025-08-05,2026-05-21T18:53:53.521079,1611661321,DAL,76,L,1611661313,NYL,85,W
1022500188,2025,Regular Season,2025-08-05,2026-05-21T18:53:53.521079,1611661323,CON,66,L,1611661317,PHX,82,W
1022500187,2025,Regular Season,2025-08-05,2026-05-21T18:53:53.521079,1611661325,IND,91,L,1611661320,LAS,100,W
1022500186,2025,Regular Season,2025-08-05,2026-05-21T18:53:53.521079,1611661322,WAS,64,L,1611661329,CHI,78,W
1022500189,2025,Regular Season,2025-08-05,2026-05-21T18:53:53.521079,1611661324,MIN,91,W,1611661328,SEA,87,L
1022500190,2025,Regular Season,2025-08-06,2026-05-21T18:53:53.521079,1611661319,LVA,78,W,1611661331,GSV,72,L
1022500193,2025,Regular Season,2025-08-07,2026-05-21T18:53:53.521079,1611661325,IND,60,L,1611661317,PHX,95,W
1022500192,2025,Regular Season,2025-08-07,2026-05-21T18:53:53.521079,1611661323,CON,91,L,1611661320,LAS,102,W
1022500191,2025,Regular Season,2025-08-07,2026-05-21T18:53:53.521079,1611661330,ATL,86,W,1611661329,CHI,65,L
1022500194,2025,Regular Season,2025-08-08,2026-05-21T18:53:53.521079,1611661313,NYL,88,W,1611661321,DAL,77,L
1022500196,2025,Regular Season,2025-08-08,2026-05-21T18:53:53.521079,1611661328,SEA,86,L,1611661319,LVA,90,W
1022500195,2025,Regular Season,2025-08-08,2026-05-21T18:53:53.521079,1611661322,WAS,76,L,1611661324,MIN,80,W
1022500197,2025,Regular Season,2025-08-09,2026-05-21T18:53:53.521079,1611661320,LAS,59,L,1611661331,GSV,72,W
1022500198,2025,Regular Season,2025-08-09,2026-05-21T18:53:53.521079,1611661329,CHI,70,L,1611661325,IND,92,W
1022500199,2025,Regular Season,2025-08-10,2026-05-21T18:53:53.521079,1611661324,MIN,83,W,1611661313,NYL,71,L
1022500202,2025,Regular Season,2025-08-10,2026-05-21T18:53:53.521079,1611661330,ATL,74,W,1611661317,PHX,66,L
1022500203,2025,Regular Season,2025-08-10,2026-05-21T18:53:53.521079,1611661323,CON,86,L,1611661319,LVA,94,W
1022500201,2025,Regular Season,2025-08-10,2026-05-21T18:53:53.521079,1611661328,SEA,91,L,1611661320,LAS,94,W
1022500200,2025,Regular Season,2025-08-10,2026-05-21T18:53:53.521079,1611661322,WAS,91,W,1611661321,DAL,78,L
1022500204,2025,Regular Season,2025-08-11,2026-05-21T18:53:53.521079,1611661323,CON,57,L,1611661331,GSV,74,W
1022500206,2025,Regular Season,2025-08-12,2026-05-21T18:53:53.521079,1611661313,NYL,105,W,1611661320,LAS,97,L
1022500205,2025,Regular Season,2025-08-12,2026-05-21T18:53:53.521079,1611661321,DAL,81,W,1611661325,IND,80,L
1022500209,2025,Regular Season,2025-08-13,2026-05-21T18:53:53.521079,1611661313,NYL,77,L,1611661319,LVA,83,W
1022500208,2025,Regular Season,2025-08-13,2026-05-21T18:53:53.521079,1611661331,GSV,88,W,1611661322,WAS,83,L
1022500207,2025,Regular Season,2025-08-13,2026-05-21T18:53:53.521079,1611661329,CHI,62,L,1611661323,CON,71,W
1022500210,2025,Regular Season,2025-08-13,2026-05-21T18:53:53.521079,1611661330,ATL,85,W,1611661328,SEA,75,L
1022500215,2025,Regular Season,2025-08-15,2026-05-21T18:53:53.521079,1611661319,LVA,86,W,1611661317,PHX,83,L
1022500213,2025,Regular Season,2025-08-15,2026-05-21T18:53:53.521079,1611661320,LAS,97,W,1611661321,DAL,96,L
1022500211,2025,Regular Season,2025-08-15,2026-05-21T18:53:53.521079,1611661322,WAS,88,W,1611661325,IND,84,L
1022500214,2025,Regular Season,2025-08-15,2026-05-21T18:53:53.521079,1611661328,SEA,80,W,1611661330,ATL,78,L
1022500212,2025,Regular Season,2025-08-15,2026-05-21T18:53:53.521079,1611661331,GSV,90,W,1611661329,CHI,59,L
1022500216,2025,Regular Season,2025-08-16,2026-05-21T18:53:53.521079,1611661313,NYL,80,L,1611661324,MIN,86,W
1022500220,2025,Regular Season,2025-08-17,2026-05-21T18:53:53.521079,1611661317,PHX,85,W,1611661328,SEA,82,L
1022500219,2025,Regular Season,2025-08-17,2026-05-21T18:53:53.521079,1611661321,DAL,87,L,1611661319,LVA,106,W
1022500217,2025,Regular Season,2025-08-17,2026-05-21T18:53:53.521079,1611661320,LAS,86,L,1611661322,WAS,95,W
1022500218,2025,Regular Season,2025-08-17,2026-05-21T18:53:53.521079,1611661325,IND,99,W,1611661323,CON,93,L
1022500221,2025,Regular Season,2025-08-17,2026-05-21T18:53:53.521079,1611661330,ATL,79,W,1611661331,GSV,63,L
1022500222,2025,Regular Season,2025-08-19,2026-05-21T18:53:53.521079,1611661324,MIN,75,L,1611661313,NYL,85,W
1022500226,2025,Regular Season,2025-08-19,2026-05-21T18:53:53.521079,1611661317,PHX,98,W,1611661331,GSV,91,L
1022500225,2025,Regular Season,2025-08-19,2026-05-21T18:53:53.521079,1611661330,ATL,72,L,1611661319,LVA,74,W
1022500223,2025,Regular Season,2025-08-19,2026-05-21T18:53:53.521079,1611661323,CON,80,W,1611661322,WAS,69,L
1022500224,2025,Regular Season,2025-08-19,2026-05-21T18:53:53.521079,1611661328,SEA,94,W,1611661329,CHI,88,L
1022500227,2025,Regular Season,2025-08-20,2026-05-21T18:53:53.521079,1611661321,DAL,80,L,1611661320,LAS,81,W
1022500229,2025,Regular Season,2025-08-21,2026-05-21T18:53:53.521079,1611661329,CHI,91,W,1611661313,NYL,85,L
1022500231,2025,Regular Season,2025-08-21,2026-05-21T18:53:53.521079,1611661317,PHX,61,L,1611661319,LVA,83,W
1022500228,2025,Regular Season,2025-08-21,2026-05-21T18:53:53.521079,1611661322,WAS,56,L,1611661323,CON,67,W
1022500230,2025,Regular Season,2025-08-21,2026-05-21T18:53:53.521079,1611661324,MIN,73,L,1611661330,ATL,75,W
1022500234,2025,Regular Season,2025-08-22,2026-05-21T18:53:53.521079,1611661331,GSV,72,L,1611661317,PHX,81,W
1022500233,2025,Regular Season,2025-08-22,2026-05-21T18:53:53.521079,1611661328,SEA,95,W,1611661321,DAL,60,L
1022500232,2025,Regular Season,2025-08-22,2026-05-21T18:53:53.521079,1611661324,MIN,95,W,1611661325,IND,90,L
1022500235,2025,Regular Season,2025-08-23,2026-05-21T18:53:53.521079,1611661313,NYL,62,L,1611661330,ATL,78,W
1022500236,2025,Regular Season,2025-08-23,2026-05-21T18:53:53.521079,1611661319,LVA,91,W,1611661322,WAS,81,L
1022500237,2025,Regular Season,2025-08-23,2026-05-21T18:53:53.521079,1611661323,CON,94,W,1611661329,CHI,84,L
1022500239,2025,Regular Season,2025-08-24,2026-05-21T18:53:53.521079,1611661331,GSV,90,W,1611661321,DAL,81,L
1022500238,2025,Regular Season,2025-08-24,2026-05-21T18:53:53.521079,1611661328,SEA,84,W,1611661322,WAS,82,L
1022500240,2025,Regular Season,2025-08-24,2026-05-21T18:53:53.521079,1611661325,IND,84,L,1611661324,MIN,97,W
1022500241,2025,Regular Season,2025-08-25,2026-05-21T18:53:53.521079,1611661323,CON,79,L,1611661313,NYL,81,W
1022500242,2025,Regular Season,2025-08-25,2026-05-21T18:53:53.521079,1611661319,LVA,79,W,1611661329,CHI,74,L
1022500244,2025,Regular Season,2025-08-26,2026-05-21T18:53:53.521079,1611661317,PHX,92,W,1611661320,LAS,84,L
1022500243,2025,Regular Season,2025-08-26,2026-05-21T18:53:53.521079,1611661328,SEA,75,L,1611661325,IND,95,W
1022500245,2025,Regular Season,2025-08-27,2026-05-21T18:53:53.521079,1611661319,LVA,81,W,1611661330,ATL,75,L
1022500246,2025,Regular Season,2025-08-27,2026-05-21T18:53:53.521079,1611661323,CON,101,W,1611661321,DAL,95,L
1022500247,2025,Regular Season,2025-08-28,2026-05-21T18:53:53.521079,1611661322,WAS,63,L,1611661313,NYL,89,W
1022500249,2025,Regular Season,2025-08-28,2026-05-21T18:53:53.521079,1611661329,CHI,79,L,1611661317,PHX,83,W
1022500248,2025,Regular Season,2025-08-28,2026-05-21T18:53:53.521079,1611661328,SEA,93,W,1611661324,MIN,79,L
1022500251,2025,Regular Season,2025-08-29,2026-05-21T18:53:53.521079,1611661325,IND,76,W,1611661320,LAS,75,L
1022500250,2025,Regular Season,2025-08-29,2026-05-21T18:53:53.521079,1611661321,DAL,78,L,1611661330,ATL,100,W
1022500255,2025,Regular Season,2025-08-30,2026-05-21T18:53:53.521079,1611661313,NYL,63,L,1611661317,PHX,80,W
1022500253,2025,Regular Season,2025-08-30,2026-05-21T18:53:53.521079,1611661322,WAS,62,L,1611661331,GSV,99,W
1022500252,2025,Regular Season,2025-08-30,2026-05-21T18:53:53.521079,1611661324,MIN,94,W,1611661323,CON,70,L
1022500254,2025,Regular Season,2025-08-30,2026-05-21T18:53:53.521079,1611661329,CHI,69,L,1611661328,SEA,79,W
1022500256,2025,Regular Season,2025-08-31,2026-05-21T18:53:53.521079,1611661322,WAS,78,L,1611661320,LAS,81,W
1022500257,2025,Regular Season,2025-08-31,2026-05-21T18:53:53.521079,1611661325,IND,63,L,1611661331,GSV,75,W
1022500260,2025,Regular Season,2025-09-01,2026-05-21T18:53:53.521079,1611661320,LAS,91,W,1611661328,SEA,85,L
1022500259,2025,Regular Season,2025-09-01,2026-05-21T18:53:53.521079,1611661321,DAL,71,L,1611661324,MIN,96,W
1022500258,2025,Regular Season,2025-09-01,2026-05-21T18:53:53.521079,1611661330,ATL,93,W,1611661323,CON,76,L
1022500261,2025,Regular Season,2025-09-02,2026-05-21T18:53:53.521079,1611661313,NYL,58,L,1611661331,GSV,66,W
1022500262,2025,Regular Season,2025-09-02,2026-05-21T18:53:53.521079,1611661325,IND,79,L,1611661317,PHX,85,W
1022500263,2025,Regular Season,2025-09-03,2026-05-21T18:53:53.521079,1611661320,LAS,75,L,1611661330,ATL,86,W
1022500264,2025,Regular Season,2025-09-03,2026-05-21T18:53:53.521079,1611661323,CON,64,L,1611661329,CHI,88,W
1022500265,2025,Regular Season,2025-09-04,2026-05-21T18:53:53.521079,1611661317,PHX,75,W,1611661322,WAS,69,L
1022500267,2025,Regular Season,2025-09-04,2026-05-21T18:53:53.521079,1611661324,MIN,87,L,1611661319,LVA,97,W
1022500266,2025,Regular Season,2025-09-04,2026-05-21T18:53:53.521079,1611661321,DAL,80,L,1611661331,GSV,84,W
1022500270,2025,Regular Season,2025-09-05,2026-05-21T18:53:53.521079,1611661313,NYL,84,W,1611661328,SEA,76,L
1022500268,2025,Regular Season,2025-09-05,2026-05-21T18:53:53.521079,1611661320,LAS,85,L,1611661330,ATL,104,W
1022500269,2025,Regular Season,2025-09-05,2026-05-21T18:53:53.521079,1611661329,CHI,77,L,1611661325,IND,97,W
1022500271,2025,Regular Season,2025-09-06,2026-05-21T18:53:53.521079,1611661317,PHX,84,L,1611661323,CON,87,W
1022500272,2025,Regular Season,2025-09-06,2026-05-21T18:53:53.521079,1611661324,MIN,78,W,1611661331,GSV,72,L
1022500275,2025,Regular Season,2025-09-07,2026-05-21T18:53:53.521079,1611661329,CHI,66,L,1611661319,LVA,80,W
1022500274,2025,Regular Season,2025-09-07,2026-05-21T18:53:53.521079,1611661321,DAL,77,L,1611661320,LAS,91,W
1022500273,2025,Regular Season,2025-09-07,2026-05-21T18:53:53.521079,1611661325,IND,94,W,1611661322,WAS,65,L
1022500276,2025,Regular Season,2025-09-08,2026-05-21T18:53:53.521079,1611661323,CON,62,L,1611661330,ATL,87,W
1022500277,2025,Regular Season,2025-09-09,2026-05-21T18:53:53.521079,1611661322,WAS,66,L,1611661313,NYL,75,W
1022500280,2025,Regular Season,2025-09-09,2026-05-21T18:53:53.521079,1611661320,LAS,88,W,1611661317,PHX,83,L
1022500279,2025,Regular Season,2025-09-09,2026-05-21T18:53:53.521079,1611661329,CHI,61,L,1611661319,LVA,92,W
1022500278,2025,Regular Season,2025-09-09,2026-05-21T18:53:53.521079,1611661324,MIN,72,L,1611661325,IND,83,W
1022500281,2025,Regular Season,2025-09-09,2026-05-21T18:53:53.521079,1611661331,GSV,73,L,1611661328,SEA,74,W
1022500282,2025,Regular Season,2025-09-10,2026-05-21T18:53:53.521079,1611661330,ATL,88,W,1611661323,CON,72,L
1022500283,2025,Regular Season,2025-09-11,2026-05-21T18:53:53.521079,1611661313,NYL,91,W,1611661329,CHI,86,L
1022500284,2025,Regular Season,2025-09-11,2026-05-21T18:53:53.521079,1611661317,PHX,76,L,1611661321,DAL,97,W
1022500286,2025,Regular Season,2025-09-11,2026-05-21T18:53:53.521079,1611661319,LVA,103,W,1611661320,LAS,75,L
1022500285,2025,Regular Season,2025-09-11,2026-05-21T18:53:53.521079,1611661331,GSV,53,L,1611661324,MIN,72,W
1042500131,2025,Playoffs,2025-09-14,2026-05-21T18:53:53.521079,1611661313,NYL,76,W,1611661317,PHX,69,L
1042500111,2025,Playoffs,2025-09-14,2026-05-21T18:53:53.521079,1611661328,SEA,77,L,1611661319,LVA,102,W
1042500101,2025,Playoffs,2025-09-14,2026-05-21T18:53:53.521079,1611661331,GSV,72,L,1611661324,MIN,101,W
1042500121,2025,Playoffs,2025-09-14,2026-05-21T18:53:53.521079,1611661325,IND,68,L,1611661330,ATL,80,W
1042500112,2025,Playoffs,2025-09-16,2026-05-21T18:53:53.521079,1611661319,LVA,83,L,1611661328,SEA,86,W
1042500122,2025,Playoffs,2025-09-16,2026-05-21T18:53:53.521079,1611661330,ATL,60,L,1611661325,IND,77,W
1042500132,2025,Playoffs,2025-09-17,2026-05-21T18:53:53.521079,1611661317,PHX,86,W,1611661313,NYL,60,L
1042500102,2025,Playoffs,2025-09-17,2026-05-21T18:53:53.521079,1611661324,MIN,75,W,1611661331,GSV,74,L
1042500113,2025,Playoffs,2025-09-18,2026-05-21T18:53:53.521079,1611661328,SEA,73,L,1611661319,LVA,74,W
1042500123,2025,Playoffs,2025-09-18,2026-05-21T18:53:53.521079,1611661325,IND,87,W,1611661330,ATL,85,L
1042500133,2025,Playoffs,2025-09-19,2026-05-21T18:53:53.521079,1611661313,NYL,73,L,1611661317,PHX,79,W
1042500201,2025,Playoffs,2025-09-21,2026-05-21T18:53:53.521079,1611661317,PHX,69,L,1611661324,MIN,82,W
1042500211,2025,Playoffs,2025-09-21,2026-05-21T18:53:53.521079,1611661325,IND,89,W,1611661319,LVA,73,L
1042500202,2025,Playoffs,2025-09-23,2026-05-21T18:53:53.521079,1611661317,PHX,89,W,1611661324,MIN,83,L
1042500212,2025,Playoffs,2025-09-23,2026-05-21T18:53:53.521079,1611661325,IND,68,L,1611661319,LVA,90,W
1042500203,2025,Playoffs,2025-09-26,2026-05-21T18:53:53.521079,1611661324,MIN,76,L,1611661317,PHX,84,W
1042500213,2025,Playoffs,2025-09-26,2026-05-21T18:53:53.521079,1611661319,LVA,84,W,1611661325,IND,72,L
1042500204,2025,Playoffs,2025-09-28,2026-05-21T18:53:53.521079,1611661324,MIN,81,L,1611661317,PHX,86,W
1042500214,2025,Playoffs,2025-09-28,2026-05-21T18:53:53.521079,1611661319,LVA,83,L,1611661325,IND,90,W
1042500215,2025,Playoffs,2025-09-30,2026-05-21T18:53:53.521079,1611661325,IND,98,L,1611661319,LVA,107,W
1042500301,2025,Playoffs,2025-10-03,2026-05-21T18:53:53.521079,1611661317,PHX,86,L,1611661319,LVA,89,W
1042500302,2025,Playoffs,2025-10-05,2026-05-21T18:53:53.521079,1611661317,PHX,78,L,1611661319,LVA,91,W
1042500303,2025,Playoffs,2025-10-08,2026-05-21T18:53:53.521079,1611661319,LVA,90,W,1611661317,PHX,88,L
1042500304,2025,Playoffs,2025-10-10,2026-05-21T18:53:53.521079,1611661319,LVA,97,W,1611661317,PHX,86,L
1022600001,2026,Regular Season,2026-05-08,2026-05-23T22:14:15.771819,1611661323,CON,75,L,1611661313,NYL,106,W
1022600003,2026,Regular Season,2026-05-08,2026-05-23T22:14:15.771819,1611661331,GSV,91,W,1611661328,SEA,80,L
1022600002,2026,Regular Season,2026-05-08,2026-05-23T22:14:15.771819,1611661322,WAS,68,W,1611661332,TOR,65,L
1022600004,2026,Regular Season,2026-05-09,2026-05-23T22:14:15.771819,1611661321,DAL,107,W,1611661325,IND,104,L
1022600005,2026,Regular Season,2026-05-09,2026-05-23T22:14:15.771819,1611661317,PHX,99,W,1611661319,LVA,66,L
1022600010,2026,Regular Season,2026-05-09,2026-05-23T22:14:15.771819,1611661330,ATL,91,W,1611661324,MIN,90,L
1022600006,2026,Regular Season,2026-05-09,2026-05-23T22:14:15.771819,1611661329,CHI,98,W,1611661327,PDX,83,L
1022600007,2026,Regular Season,2026-05-10,2026-05-23T22:14:15.771819,1611661328,SEA,89,W,1611661323,CON,82,L
1022600008,2026,Regular Season,2026-05-10,2026-05-23T22:14:15.771819,1611661313,NYL,98,W,1611661322,WAS,93,L
1022600009,2026,Regular Season,2026-05-10,2026-05-23T22:14:15.771819,1611661319,LVA,105,W,1611661320,LAS,78,L
1022600011,2026,Regular Season,2026-05-10,2026-05-23T22:14:15.771819,1611661317,PHX,79,L,1611661331,GSV,95,W
1022600012,2026,Regular Season,2026-05-12,2026-05-23T22:14:15.771819,1611661330,ATL,77,W,1611661321,DAL,72,L
1022600013,2026,Regular Season,2026-05-12,2026-05-23T22:14:15.771819,1611661324,MIN,88,W,1611661317,PHX,84,L
1022600014,2026,Regular Season,2026-05-12,2026-05-23T22:14:15.771819,1611661313,NYL,96,L,1611661327,PDX,98,W
1022600015,2026,Regular Season,2026-05-13,2026-05-23T22:14:15.771819,1611661328,SEA,73,L,1611661332,TOR,86,W
1022600016,2026,Regular Season,2026-05-13,2026-05-23T22:14:15.771819,1611661319,LVA,98,W,1611661323,CON,69,L
1022600017,2026,Regular Season,2026-05-13,2026-05-23T22:14:15.771819,1611661329,CHI,69,W,1611661331,GSV,63,L
1022600018,2026,Regular Season,2026-05-13,2026-05-23T22:14:15.771819,1611661325,IND,87,W,1611661320,LAS,78,L
1022600019,2026,Regular Season,2026-05-14,2026-05-23T22:14:15.771819,1611661324,MIN,90,W,1611661321,DAL,86,L
1022600020,2026,Regular Season,2026-05-14,2026-05-23T22:14:15.771819,1611661313,NYL,100,W,1611661327,PDX,82,L
1022600021,2026,Regular Season,2026-05-15,2026-05-23T22:14:15.771819,1611661319,LVA,101,W,1611661323,CON,94,L
1022600022,2026,Regular Season,2026-05-15,2026-05-23T22:14:15.771819,1611661322,WAS,104,W,1611661325,IND,102,L
1022600023,2026,Regular Season,2026-05-15,2026-05-23T22:14:15.771819,1611661332,TOR,95,L,1611661320,LAS,99,W
1022600024,2026,Regular Season,2026-05-15,2026-05-23T22:14:15.771819,1611661329,CHI,83,L,1611661317,PHX,91,W
1022600026,2026,Regular Season,2026-05-17,2026-05-23T22:14:15.771819,1611661319,LVA,85,W,1611661330,ATL,84,L
1022600027,2026,Regular Season,2026-05-17,2026-05-23T22:14:15.771819,1611661328,SEA,78,L,1611661325,IND,89,W
1022600028,2026,Regular Season,2026-05-17,2026-05-23T22:14:15.771819,1611661332,TOR,106,W,1611661320,LAS,96,L
1022600025,2026,Regular Season,2026-05-17,2026-05-23T22:14:15.771819,1611661329,CHI,86,W,1611661324,MIN,79,L
1022600029,2026,Regular Season,2026-05-18,2026-05-23T22:14:15.771819,1611661322,WAS,69,L,1611661321,DAL,92,W
1022600030,2026,Regular Season,2026-05-18,2026-05-23T22:14:15.771819,1611661323,CON,82,L,1611661327,PDX,83,W
1022600031,2026,Regular Season,2026-05-19,2026-05-23T22:14:15.771819,1611661332,TOR,98,W,1611661317,PHX,90,L
1022600032,2026,Regular Season,2026-05-20,2026-05-23T22:14:15.771819,1611661327,PDX,73,L,1611661325,IND,90,W
1022600033,2026,Regular Season,2026-05-20,2026-05-23T22:14:15.771819,1611661321,DAL,99,W,1611661329,CHI,89,L
1022600034,2026,Regular Season,2026-05-20,2026-05-23T22:14:15.771819,1611661323,CON,80,W,1611661328,SEA,78,L
1022600036,2026,Regular Season,2026-05-21,2026-05-23T22:14:15.771819,1611661332,TOR,72,L,1611661324,MIN,100,W
1022600035,2026,Regular Season,2026-05-21,2026-05-23T22:14:15.771819,1611661331,GSV,87,W,1611661313,NYL,70,L
1022600037,2026,Regular Season,2026-05-21,2026-05-23T22:14:15.771819,1611661320,LAS,97,W,1611661317,PHX,88,L
1022600038,2026,Regular Season,2026-05-22,2026-05-23T22:14:15.771819,1611661321,DAL,69,L,1611661330,ATL,86,W
1022600039,2026,Regular Season,2026-05-22,2026-05-23T22:14:15.771819,1611661331,GSV,82,L,1611661325,IND,90,W
1022600040,2026,Regular Season,2026-05-22,2026-05-23T22:14:15.771819,1611661323,CON,59,L,1611661328,SEA,77,W
1022600041,2026,Regular Season,2026-05-23,2026-05-23T22:14:15.771819,1611661324,MIN,85,W,1611661329,CHI,75,L
1022600042,2026,Regular Season,2026-05-23,2026-05-23T22:14:15.771819,1611661327,PDX,99,W,1611661332,TOR,80,L
1022600043,2026,Regular Season,2026-05-23,2026-05-23T22:14:15.771819,1611661320,LAS,46,None,1611661319,LVA,52,None
